tipo,tiempo_Prophet,mse_Prophet,mae_Prophet,mape_Prophet,tiempo_2,mse_2,mae_2,mape_2,tiempo_7,mse_7,mae_7,mape_7
1,63.0215368270874,11.78777517341708,3.2808311007124558,0.28867466897835675,0.021374940872192383,32.44228517070915,5.017813539018109,0.48509492700570744,0.1390819549560547,52.955734991845965,6.401232196033596,0.6325667944003025
1,55.728399991989136,14.807462024748753,3.5990759257829246,0.2184410001301298,0.023221969604492188,18.67266935249137,3.0007605171775835,0.2202607067747184,0.3048110008239746,23.587388213457174,3.3643552930763527,0.2481537517428547
1,57.110304832458496,11.576043773283201,3.2129965688581095,0.22282689670534797,0.0263822078704834,28.568883372972085,4.145697336385385,0.3508482046225729,0.147963285446167,41.5063787523336,5.068209240993536,0.43457274619334285
1,64.85648274421692,12.124491709170627,3.3271310559073055,0.30003748372035616,0.020607948303222656,30.67904204242924,4.960812139447403,0.4857943251131969,0.12096786499023438,51.549495540847204,6.403698190650263,0.6383711315540901
1,56.42014813423157,10.592505225895605,3.100307838108981,0.23344178437766297,0.017349958419799805,32.07267109803144,4.681102815208848,0.41450859021595593,0.12561392784118652,47.381631130203154,5.7490927905745215,0.5167558303214073
1,73.64797616004944,11.805426908896543,3.243038673953072,0.22179391375012458,0.03354501724243164,27.891689037232037,4.042986657345277,0.3390320439463701,0.1329030990600586,40.14474494916735,4.904373382864651,0.4163913557426695
1,71.38622713088989,27.594893142594902,5.108890079059534,0.2841077127118335,0.02166581153869629,1.8983485431043772,1.088148004895953,0.062193736673762635,0.1381988525390625,2.951421759092709,1.5194100935008397,0.08691454035384007
1,63.88178992271423,11.365381324558363,3.2262924286750376,0.31774861422611816,0.02481985092163086,37.64642084563,5.941636992152442,0.5522763206434415,0.13923931121826172,50.07560990580836,6.762145035279564,0.6586942990818222
1,68.19465780258179,10.792779439460686,3.1063755727643305,0.22956075281932894,0.01766204833984375,31.67408710319451,4.618304174771853,0.40741581549377104,0.11677289009094238,46.82371840318573,5.680942136633568,0.5086045567690142
1,78.24223399162292,11.510065043410892,3.2441334981110876,0.3063838816961798,0.018686771392822266,32.73401390892658,5.310911281359803,0.5130802155660149,0.1220557689666748,49.49213973519778,6.4428325134286775,0.6373346585827931
1,74.26821398735046,12.09612721017137,3.3238840207698153,0.30346572708489616,0.02403092384338379,30.32550974018062,4.955351369123661,0.48578940450599856,0.16145730018615723,50.61909120110804,6.356415530297923,0.6344538176207537
1,61.51424527168274,10.792779439460686,3.1063755727643305,0.22956075281932894,0.02070331573486328,31.67408710319451,4.618304174771853,0.40741581549377104,0.1401972770690918,46.82371840318573,5.680942136633568,0.5086045567690142
1,58.947060108184814,25.746860878680735,4.916598813185122,0.2747474357395351,0.019063949584960938,2.460259114244794,1.1825851879284954,0.06764316456713317,0.11934423446655273,3.193610329544498,1.5663932363418975,0.08969517346805629
1,81.6133508682251,11.106993795759145,3.1934268686417524,0.3083270296509837,0.01864790916442871,34.98135745273256,5.6108649836204405,0.5338135868389907,0.12221693992614746,50.02479734045909,6.619994041804884,0.6478591995425563
1,68.91228175163269,11.25236939217742,3.2146795094784513,0.3075198147169417,0.022450923919677734,34.63419034484172,5.534729287711586,0.5298002311853008,0.13704609870910645,49.82621435093697,6.571305483813023,0.6439058326938997
1,82.886714220047,11.87648755994528,3.2920596389551364,0.3056748389598412,0.018908023834228516,30.821847764819072,5.102928494108997,0.4962774250077963,0.12183880805969238,50.17488035327719,6.398074547519735,0.6369648598921677
1,57.85450315475464,12.175821813550291,3.29063558202613,0.21866702343257374,0.018123626708984375,26.16605744220307,3.89220487729652,0.3173652366947755,0.12296199798583984,36.94190823694809,4.5789273600467615,0.3792000373304589
1,72.60449981689453,17.700115294889482,3.9464101531185256,0.2336208773281403,0.022349119186401367,15.614315374665262,2.5913028162027274,0.1821162674292718,0.14992785453796387,18.078651912826178,2.818702793326791,0.19743650185894668
1,64.89519906044006,12.070923515127646,3.3206190306377805,0.3045494755032836,0.023543834686279297,30.4162530937312,4.992342918687393,0.48837420364993944,0.1396019458770752,50.52588312997537,6.373207835804649,0.6355169126306913
1,48.39968705177307,10.592505225895605,3.100307838108981,0.23344178437766297,0.020615816116333008,32.07267109803144,4.681102815208848,0.41450859021595593,0.13972210884094238,47.381631130203154,5.7490927905745215,0.5167558303214073
2,73.79426002502441,35.960824194641106,5.721246034153341,0.3149311912225788,0.03276705741882324,5.284957824316154,1.9189408397097492,0.10445507183247922,0.28136706352233887,49.792231163675694,6.073842871246789,0.3327574580687457
2,68.50017809867859,24.904641789986158,4.435234884125684,0.26277743127473413,0.04380607604980469,18.949539794899668,3.1900847753396744,0.25582093940502554,0.3592190742492676,38.100781277708876,5.007378584683484,0.28679528307950153
2,76.26444888114929,37.65715336462686,5.884307259030493,0.3232592009787572,0.0393829345703125,7.6827182920512085,2.397788546349408,0.13110622639172154,0.3378469944000244,51.550779957993946,6.203559253205838,0.3394957735252757
2,76.8173758983612,24.64908140249634,4.449327679455517,0.28127573014302937,0.039808034896850586,21.050822691381654,3.6132479900231704,0.3073812365508511,0.3257100582122803,33.354128742193005,4.593796381414346,0.2669996776903622
2,74.36643314361572,26.768259129747122,4.606693329297018,0.26537765716191064,0.038286685943603516,18.71436763622016,3.1860178617896477,0.24044021793239115,0.3158581256866455,41.42007400339405,5.478172379979637,0.3147284868911358
2,43.41189384460449,25.569745155394028,4.4845924398131,0.2701470447165488,0.03737497329711914,20.665667869022126,3.447285638481565,0.28438305533602964,0.2993760108947754,39.82890187137338,5.256155714080038,0.3037046645755211
2,66.59017300605774,34.74290464103998,5.580734917285665,0.3096826890132316,0.032363176345825195,6.30668776827392,1.8084885351636177,0.10256843625071536,0.2678499221801758,46.74837191849094,5.91856630709884,0.3263158461049404
2,62.816174030303955,38.11906049224836,5.924744581288254,0.32426858896081795,0.033967018127441406,56.7364071318901,7.262315215628398,0.40172277348571467,0.30832505226135254,66.06600480595162,7.26430578769816,0.4004091172676485
2,59.99574589729309,37.03549525342905,5.777587444209686,0.31749807761881954,0.03350186347961426,50.95842696862036,6.319891012211319,0.3383415976567974,0.26994919776916504,53.42904747210938,5.981294050406528,0.3185931291618569
2,52.45341515541077,34.73261188546571,5.5759701599816465,0.3069643423266774,0.03536367416381836,47.58785847471154,5.905955831785999,0.31454922247587375,0.29924917221069336,45.21015199787795,5.158407611443806,0.26985182415551023
2,40.55033493041992,24.963851181354755,4.455543479254011,0.2617774927177376,0.038210153579711914,18.719673380378804,3.1492267956756916,0.24614456032948218,0.2991461753845215,39.23129600380247,5.139387149872811,0.29459017219580447
2,39.813042879104614,26.820196586247537,4.667703437942983,0.2640464893069327,0.04405093193054199,14.490964650631689,2.575957134343241,0.18137830266945265,0.3188920021057129,41.77913707911753,5.440577141040573,0.3037150516853387
2,65.32255816459656,32.98263870060202,5.3416044771283095,0.2967528057812571,0.0320589542388916,9.930861105464166,2.3664579545475575,0.14209063845385242,0.2661459445953369,47.09421110650575,5.964067743443749,0.33051409235393164
2,39.304075956344604,26.580452398721906,4.627906100916291,0.2646713970996419,0.050598859786987305,17.22619756560276,2.959006511771482,0.2155389860367586,0.3649630546569824,42.02983245143819,5.487340090310243,0.3093792709390549
2,55.96912479400635,23.858020659984817,4.3677175036192315,0.2788686814518757,0.0391848087310791,18.97859433824239,3.408718781883841,0.2955512785069622,0.3326408863067627,21.134536004394576,3.684400109576576,0.22335001819204878
2,57.591509103775024,24.63798825991856,4.462118414298016,0.2823339416116848,0.036132097244262695,21.99851108452613,3.706700458223065,0.31317371426697144,0.3004758358001709,36.557519540274875,4.868576355835876,0.28085743868118146
2,67.18251013755798,34.74290464103998,5.580734917285665,0.3096826890132316,0.03559708595275879,6.30668776827392,1.8084885351636177,0.10256843625071536,0.3024158477783203,46.74837191849094,5.91856630709884,0.3263158461049404
2,66.10517001152039,38.40461509122392,5.949135966141523,0.3254909598145245,0.03243899345397949,54.220036151964244,7.1245175896729265,0.39518804263932567,0.262188196182251,62.77932063595523,6.939062409337857,0.3812381040625627
2,64.34348678588867,26.771323244670373,4.603422221028261,0.26570866904694457,0.03864097595214844,18.96447569510587,3.2246661280924926,0.2446949536130194,0.31774282455444336,41.225515371157634,5.447685076888701,0.31332777727274175
2,67.97400498390198,38.11906049224836,5.924744581288254,0.32426858896081795,0.03722810745239258,56.7364071318901,7.262315215628398,0.40172277348571467,0.3120729923248291,66.06600480595162,7.26430578769816,0.4004091172676485
3,49.244004011154175,42.72378797306915,6.310380259863928,0.3506355063826126,0.06023812294006348,41.43568013242603,5.538926603786273,0.30579801862447553,0.6207890510559082,50.616782972896594,5.877232607571287,0.3193473538108928
3,88.3471167087555,31.34551804808748,5.327097815574902,0.3087448762974116,0.0727691650390625,18.340854179108007,3.3296666867795617,0.18924929789691433,0.658416748046875,32.01279774635739,4.934075099226008,0.28505844395974006
3,34.55499076843262,28.235437018456995,4.80993107640467,0.27996808770674875,0.06191587448120117,49.78566183341605,6.65892877322189,0.430766793125566,0.6367881298065186,49.34149972266714,6.1255150865248975,0.35700468018885256
3,48.57355618476868,26.564020215287044,4.734013454094066,0.2791358457350716,0.0713343620300293,20.569577312192255,3.4710376359147457,0.20964319131277545,0.6185991764068604,25.754647614270887,4.3496790267895555,0.25695888703415637
3,65.14128994941711,26.938546233919112,4.577873107725908,0.2747898624929776,0.07217192649841309,32.87448816255599,5.084333812504455,0.3088979340025398,0.683150053024292,44.01984747215248,5.171972729938617,0.29402811597611794
3,58.40175676345825,29.33208222131331,4.886327618070771,0.288099452054093,0.0614628791809082,49.02967650732146,6.68523924263249,0.44310868461261516,0.5923240184783936,48.72001021263807,5.711937630158023,0.32026315192322047
3,47.103394746780396,44.54748123739327,6.4302291214080345,0.354118371686091,0.061934709548950195,39.62387239052731,5.625599901667532,0.31021033697009764,0.6660261154174805,57.46689748714766,5.8818155761513085,0.32096619046987485
3,49.15864181518555,41.11183945972531,6.168638264200764,0.34514440189156165,0.06367278099060059,41.37648155229921,5.576569395144842,0.3085870722781985,0.715386152267456,47.613826102280505,5.753768371898472,0.31343059850266974
3,55.40914011001587,43.47844426927547,6.333607325319544,0.3503809304403108,0.08269786834716797,33.41998715436229,4.714898534221138,0.2544245688140458,0.6915369033813477,35.17476860566479,4.978612978814143,0.27058194296112154
3,61.49904990196228,31.49752202158513,5.398489219103599,0.31089717845653264,0.11023473739624023,19.655629129495548,3.586255319507133,0.2057689138613357,0.678804874420166,12.252487208486285,2.8233121076474856,0.1638050367153003
3,60.85376214981079,30.150596891454672,5.205675529240969,0.3024283223918434,0.06208467483520508,18.51671033647919,3.2946432096966065,0.1866405046848018,0.6199290752410889,36.44711369428418,5.4778595599936715,0.31820588810367156
3,25.519953727722168,40.37791806038597,6.08576422407889,0.33648400634669934,0.06467127799987793,32.45548261473454,4.62433833706785,0.24976150980444606,0.6112141609191895,32.02228981451671,4.927585882607052,0.2707721684181064
3,66.2109522819519,37.46678160764979,5.878516320086381,0.3322246295802023,0.06157398223876953,27.710274781962294,4.040897075305082,0.2231909342654815,0.6308069229125977,21.656373714565433,4.052604366048886,0.23016509427799411
3,51.880171060562134,42.48561332907619,6.244312950256726,0.34772775320161764,0.06244516372680664,31.734456189146712,4.486358101161323,0.24268381743914696,0.6147761344909668,29.371265101865966,4.683877982782578,0.2587654574738034
3,46.39174509048462,44.235839258140786,6.398867050778906,0.35265948334190667,0.05730009078979492,35.73522389743387,5.062673920192753,0.2746631066618194,0.5184218883514404,45.699057714046404,5.288351745497374,0.2832691946787761
3,53.547314167022705,45.68096693983092,6.509995794882201,0.35928528048862035,0.06810998916625977,39.57291759589444,5.461457612372679,0.2977189262430298,0.598484992980957,49.75364103629127,5.17732803128479,0.2765268042889092
3,57.94169783592224,35.61290789169303,5.509679189742215,0.3093219850412776,0.06676769256591797,43.445540977840324,5.9335463879355075,0.3414055476322346,0.621840238571167,49.53625541292354,5.912897060649663,0.3256844868151171
3,55.21880030632019,32.548651628183606,5.194693369018971,0.2940425000812449,0.06393599510192871,45.26778381846191,6.193309727420951,0.3719251863747566,0.6779830455780029,49.23256025514014,5.929739023027094,0.3311575219369815
3,50.25374722480774,45.834665575942964,6.522002215230946,0.35970100431566504,0.06298208236694336,36.62766856886646,5.144969133017346,0.27924713444878474,0.6245548725128174,47.47729936617881,5.239744244787941,0.2793453689935007
3,29.950949907302856,29.570297732640874,4.956129888472138,0.28220169622111124,0.06369900703430176,45.48672678991253,6.235232488319297,0.37671943455596657,0.673865795135498,49.06262155723463,5.925705366574559,0.3317655664914595
4,29.038037061691284,22.517595005961898,4.191605941027473,0.25400297511983483,0.09409093856811523,25.36852480613888,3.844055424806456,0.2494792783931913,0.9218919277191162,41.701713893548224,5.803811975205868,0.34963559376820025
4,38.80516290664673,46.5173888293599,6.597980176470391,0.37207544114330826,0.12818479537963867,31.792918247863216,4.767105524358477,0.26994910435725056,1.1581721305847168,31.041393955148546,4.955041166850054,0.27648209090921155
4,37.48845291137695,46.22109366351176,6.532377010537622,0.3692714033509444,0.12036609649658203,31.723849733868605,4.740589143301472,0.2688032604304624,1.0379679203033447,25.231580750020385,4.563922280254136,0.25567090741247084
4,59.73711705207825,41.24674061010368,5.940511050276332,0.3358197994217285,0.10671210289001465,29.444036415660033,4.397690057955249,0.25952442726417874,1.1442608833312988,18.89276886837041,3.721698689503075,0.2086566631019284
4,45.168673038482666,51.80102430011049,6.9915109269542866,0.39367904310275853,0.15263795852661133,31.488622814828343,4.759559692883713,0.26867123326511244,1.1841809749603271,33.93985937687098,5.268120199406928,0.2938782387129258
4,57.858938217163086,41.23224647450033,5.957119421115866,0.33693327581374044,0.1113121509552002,29.43684266686414,4.401073852526058,0.2581943025271955,1.0367119312286377,19.224351843840843,3.771899031148577,0.21135590407727625
4,55.447224855422974,13.079839866325045,3.1141828961928026,0.22660292274017846,0.1066749095916748,8.2604588761436,2.3249312982495614,0.18873188225573556,1.0865890979766846,32.795579565061395,4.870180885906926,0.3508583407442301
4,67.08060097694397,49.20912336760578,6.6258860832374245,0.37188284657476783,0.10691499710083008,34.68134910466537,5.116800440986291,0.29820260721884,1.065946102142334,35.658975461213885,5.352967616266061,0.2994254872166199
4,49.98062515258789,39.243626705981406,5.638349197615436,0.3187474375070074,0.10723090171813965,42.77274224907746,5.834235718478325,0.38672978908947697,1.106015920639038,51.27354342374766,5.972599143769067,0.35913318048807846
4,74.34540820121765,45.19182135731859,6.2183147634668,0.34780688587755976,0.11016225814819336,38.284963931310386,5.325810303190405,0.3220193878441571,1.1164710521697998,44.64012725707394,5.784975687869487,0.32613288900543297
4,43.78501510620117,21.088014411954877,4.0016944430040455,0.24845457629731862,0.11145591735839844,23.237925255778674,3.5289828775947143,0.22933956008101034,1.0670421123504639,44.131234674431205,5.8858230457062115,0.3566465442516476
4,48.32774806022644,13.649524598970237,3.166991215349,0.22878439446664411,0.11060881614685059,7.813088945517919,2.2839612380079473,0.19281510999786647,1.084045171737671,39.127126944535924,5.628689992557821,0.4019375810086459
4,37.99486780166626,13.583106258812466,3.1862988695701393,0.23049444207551362,0.12268996238708496,7.539948091140682,2.2308014956520643,0.18657753103441296,1.1122443675994873,38.65015048839363,5.575602687353922,0.3929693528443811
4,34.63651204109192,34.840034626909734,5.296539312306873,0.30315395480473106,0.10868287086486816,42.6221245820944,5.784217027103561,0.38528893691532656,1.1242070198059082,43.520954375315405,5.201430637592735,0.3041049181240058
4,58.58881902694702,18.754684107381923,3.7263241593002903,0.23809670577890604,0.09433913230895996,20.77382219613178,3.2671138101929356,0.21624419930806357,0.9948458671569824,40.053586178107764,5.577150971231269,0.348591773158812
4,67.11560416221619,14.805717673354488,3.3557354311709164,0.23702792104436043,0.12305593490600586,8.775871581983653,2.3777367086745307,0.1884363080412624,1.1123549938201904,44.73694464216907,5.949527116919043,0.40170347980274307
4,40.326555013656616,41.86518532938234,6.044821274301434,0.3418000538277262,0.0903167724609375,29.2782601472865,4.403157185839741,0.25449184044631257,0.9838471412658691,21.924825307389295,4.082153031849743,0.2271667411623072
4,42.091986894607544,22.674094013718513,4.177387334898799,0.25546151982724885,0.11406803131103516,24.374235838363564,3.6706919379532104,0.23693584054165484,1.1176886558532715,43.846400437154074,5.9319483854724595,0.35899553845460347
4,50.9884877204895,51.47916864861162,6.97086025741401,0.3918315264512752,0.09367489814758301,31.047023264346837,4.704049744746994,0.265028501231791,1.004990816116333,29.45544354547883,5.0002095858745506,0.2788621178391814
4,54.071932315826416,48.80313105388445,6.734438376502763,0.3809461338323111,0.11434507369995117,32.185232696552255,4.801179545967696,0.27233899637890085,1.0900254249572754,25.1108460009283,4.55477249203589,0.2552764676272243
5,50.1409478187561,44.29636139970588,6.043778494191817,0.3427017358557662,0.14234614372253418,26.38077625468107,4.180835966222413,0.249998342944755,1.4898648262023926,18.02408444159699,3.701515634190687,0.21560544440250334
5,53.47440004348755,16.878281439446102,3.5306988096132064,0.23365834869925775,0.18105506896972656,17.09899995080895,3.554143740678834,0.25064415492312775,1.6052472591400146,25.346204242184065,4.158284767835984,0.2985474978202122
5,48.00438094139099,23.65681870921541,4.165677319480847,0.25841630217402317,0.14566802978515625,21.33053860095381,3.7767401830463196,0.2515760131074743,1.4926247596740723,17.774185268909914,3.6027766690729988,0.22652954249735552
5,55.45425081253052,24.347806945560333,4.213461072940516,0.2598219864399152,0.20390105247497559,21.816475418742993,3.8273256828412814,0.2534011299686773,1.7306809425354004,17.59610074506899,3.5788801072675978,0.22234082354892556
5,36.179704904556274,14.955546143354768,3.318079688524733,0.22469622117868812,0.17359399795532227,21.3979394312816,4.077206703402482,0.2895561973522509,1.742497205734253,29.743048235851713,4.291704611865926,0.309524317767161
5,46.61910104751587,44.56224054417589,6.074955720480473,0.3447183876460409,0.18876385688781738,24.53903513907938,4.003671038944152,0.24228726623250962,1.6859650611877441,18.06790103179556,3.6541384735598283,0.2123308001079612
5,45.07703995704651,15.831946585173126,3.4094547279506986,0.2284722477362858,0.13161587715148926,21.860338096014004,4.138574753097699,0.2927214452337798,1.4434950351715088,30.49390705108595,4.410389184325216,0.31720467437992234
5,66.70081615447998,8.552539262744153,2.5732162519608806,0.19678308157135024,0.15938830375671387,14.067027098431065,3.1152205687687986,0.23240509788179162,1.5634019374847412,22.82810636868111,3.5272707727708346,0.28410341522867405
5,39.12764286994934,11.378564295051047,2.9644699349024846,0.21224050059482674,0.16023898124694824,18.67936934207423,3.6613034049530397,0.2612727471552564,1.6988699436187744,24.292853397757817,3.6538838514084158,0.2777458433913026
5,55.17523694038391,45.95678611666846,6.159488887891257,0.34897326881802143,0.194810152053833,29.86867682769782,4.4548387304699935,0.2696640750441712,1.652696132659912,17.77106614225175,3.760257686494389,0.2253199921474883
5,38.54490303993225,16.581278884846043,3.5098707406292613,0.2333246656890555,0.18139386177062988,19.775676746281636,3.860937487935681,0.2702533999066984,1.7477900981903076,28.311426343833975,4.352150122677047,0.3138729470932791
5,61.94594693183899,13.886985471823532,3.197326979498166,0.2197140414271842,0.17828798294067383,19.314086707877777,3.782358083398816,0.2661788885271488,1.7856459617614746,27.34715118166978,3.972079121160772,0.29168807424219406
5,43.91496205329895,18.17237504775649,3.643667879355104,0.23838954745546023,0.18211030960083008,10.529076624234907,2.6925910998966653,0.19851827876408648,1.762864112854004,26.670451651786102,4.479713842085056,0.31728152101011525
5,44.956271171569824,18.72756592404087,3.6843923300979293,0.23956732711113463,0.19008421897888184,10.500873955654738,2.720249925641562,0.2039267838010207,1.6681420803070068,28.150783422392298,4.655070726091485,0.3291470150540505
5,47.83821225166321,9.84546702630213,2.7794752806990073,0.20547215214292133,0.14394903182983398,16.40331782589768,3.4355239394015635,0.25269817721545057,1.4631397724151611,27.44603250487092,4.160318159726886,0.328276572518966
5,52.679917097091675,10.060532849472866,2.8217762768305685,0.20765028446195424,0.14954805374145508,17.07524722711232,3.466951355239197,0.2527580027640614,1.5516471862792969,28.5102851462096,4.161317717644406,0.32528825762542357
5,45.559239864349365,15.554976102248798,3.38802965808309,0.2279649156126475,0.20644712448120117,21.8992609869702,4.144164789653612,0.29323176644908777,1.8219578266143799,30.61748554498617,4.413207881506776,0.3172082577244429
5,57.60340404510498,29.80226633336037,4.635772929211989,0.27148595686343363,0.17226409912109375,23.378378506890865,4.0175528521933455,0.2529727132905386,1.7177338600158691,19.33127181766894,3.721924344714868,0.21484546844984928
5,64.00785422325134,14.164291314928525,3.225467239041812,0.22067986687965865,0.18607783317565918,19.99675444294428,3.862400684428427,0.27309577055337514,1.67293381690979,27.64276491425453,4.000229191911413,0.2923131429763392
5,41.6845440864563,16.76637465659205,3.5216076261090015,0.23333260339637102,0.1689291000366211,17.64777514918203,3.622222194753341,0.2550290178371102,1.7153050899505615,24.96318461114574,4.104603078696445,0.29573674556197765
6,58.41640496253967,10.576889734424942,2.7335020061688677,0.1931863031603899,0.17518329620361328,18.44408555733693,3.6497009354226617,0.2694555956909078,2.0889358520507812,27.387513202832704,4.404584000775636,0.3311586114584336
6,55.80542016029358,21.278884470232892,3.9349634619891223,0.24600377357851066,0.27181291580200195,18.585267949520674,3.8431249183106573,0.27001969054619374,2.462797164916992,22.38210898718461,4.008043414840168,0.28575531345528404
6,55.647457122802734,7.414759682859219,2.286343184643277,0.1988409523848924,0.2743260860443115,22.0763386512809,3.9285216077370677,0.33401868513461935,2.3770132064819336,16.000043055336064,3.3915427678679393,0.28148790711150684
6,52.245603799819946,7.744719182485182,2.3964136125546367,0.2155118452001039,0.2897169589996338,18.454838292964514,3.620602471985884,0.3177948800354477,2.5667190551757812,15.319601746777819,3.2010641144233563,0.2738815538543398
6,43.621403217315674,22.149855853184107,4.027976203964541,0.250771419726321,0.24866414070129395,16.4603373657587,3.6329183617301783,0.2537293426323267,2.607987880706787,22.254417333975386,4.079441826466618,0.2917839123321814
6,34.67294907569885,8.578955183683867,2.5038099286962217,0.19005490016816584,0.18040180206298828,17.112949008984355,3.5802959448424354,0.27132622362023806,2.2564241886138916,21.972068527821687,4.18422647840114,0.31742543628140235
6,44.82118105888367,31.54037343846287,4.705749018657411,0.2788288380317282,0.29684972763061523,12.944745894477348,3.1328187824469236,0.23305841922567605,2.4087162017822266,25.882809066496623,4.63754419159345,0.3169708741817748
6,31.951764345169067,7.764567422203815,2.396249020671787,0.21492664016026114,0.23235297203063965,17.935883166712284,3.6062152161652676,0.3176388017775636,2.3878326416015625,15.506656998970648,3.2294738245927865,0.2777344444163748
6,71.58543992042542,27.760902390343844,4.42691445052031,0.2662626177711557,0.3732569217681885,13.08437809790475,3.2253379285381523,0.22801004066989686,2.8482937812805176,22.853614331320948,4.184597588606178,0.28990045509574547
6,78.6580138206482,20.833179938675528,3.8902028069413017,0.24386382373241164,0.2705109119415283,19.00854161344657,3.875356434173286,0.27141935363101966,2.472147226333618,22.214582044642256,3.9474647806426315,0.28139276559147286
6,46.76447010040283,37.96004234612773,5.273760844492404,0.30338346345751616,0.2566721439361572,18.575343423209176,3.7313166603154926,0.24833996667770306,2.757930040359497,21.182032754842588,3.965063986216472,0.23893456694575116
6,41.11709976196289,27.070103142651387,4.378694102066618,0.26407229088684014,0.32219505310058594,13.102305170330641,3.2283148382105513,0.22835407054442486,2.5225961208343506,22.85454172379519,4.189405943666447,0.29017408447318516
6,65.3076810836792,34.6547666901408,5.02213489934642,0.294667481188968,0.2900817394256592,14.567924205412437,3.306276932090443,0.23548009524954538,2.535438060760498,21.49151147725059,4.116825101171055,0.2757060141125147
6,45.0303168296814,23.840586939124403,4.164383130189658,0.2564296156180652,0.28516197204589844,14.726545743820045,3.4390854940651403,0.23971088932839402,2.4130358695983887,21.417403303494343,3.9839880941476116,0.280781126355736
6,51.14624381065369,33.82707337878424,4.9288274469551,0.2903853917658906,0.21485424041748047,13.951064628671086,3.226763638805581,0.23562595791301014,2.088064193725586,22.653506563182148,4.275505883466214,0.2905582373619647
6,63.8286190032959,22.64056998796348,4.0815937276661725,0.25358821142129184,0.22237801551818848,16.43749230123744,3.644221551980633,0.25417501842058754,2.3080389499664307,22.517975220181345,4.129535305722531,0.29528952276779197
6,59.7638840675354,28.412132481560224,4.474090688256601,0.26824774492459164,0.2294139862060547,12.656847658756975,3.144052978959491,0.2236308093799442,2.4221348762512207,23.853729186494554,4.300046355475032,0.2961077098657292
6,42.93961024284363,13.370860765883691,3.0718635088543134,0.2076888769774377,0.2568700313568115,18.59289572251441,3.7163997116826164,0.2683699036955305,2.588418960571289,28.627022561959066,4.413492250398915,0.3234760146078825
6,43.097293853759766,16.49915084132664,3.5052013117383294,0.22928784971630417,0.26186704635620117,18.78396056578564,3.782663255581361,0.2649625762062366,2.5463318824768066,23.727812543072062,4.015405436530754,0.2927475846607226
6,46.14760398864746,34.04764403928623,4.953406955560891,0.2915574969711703,0.20421504974365234,14.167417437237999,3.247047269053737,0.23556265951775718,2.19448184967041,22.385993943368717,4.23778203008795,0.28716990269420256
7,48.56364893913269,8.663661812588114,2.538914644647726,0.20822578928761828,0.2605288028717041,10.922381707299083,2.784533804443355,0.2337804163517148,3.202907085418701,18.37271699463463,3.7639251611133733,0.2880921647443202
7,44.395506858825684,33.045259495090576,4.7078001988719445,0.27585064450884905,0.3934648036956787,20.125695241956706,3.998959136798618,0.2712268714033993,3.4969077110290527,22.60083439089502,4.295997954338898,0.30079853398515805
7,61.540120124816895,7.862662583594688,2.373779025092044,0.2009795863820932,0.29202795028686523,10.600092837874602,2.6538076020531953,0.21026794507636745,3.403456211090088,9.846720326764839,2.4603832971862025,0.20530152554726638
7,57.08406901359558,37.64687635285937,5.256136948144454,0.3074027449389297,0.5917770862579346,19.63008764961823,3.9553001614878553,0.26289757074144354,4.165534973144531,20.431619146916614,4.032091942674392,0.2767853496339656
7,38.35231900215149,35.77436809211136,5.0443700024657785,0.2964956446049703,0.3826940059661865,17.173409828758878,3.595768973155542,0.2382302528447301,3.7238898277282715,20.996219691488527,4.0791166100518765,0.28070759554588764
7,50.308353900909424,14.52695432735545,3.117792648662793,0.20499099912760702,0.3352468013763428,14.75904606518221,3.0927170988689454,0.2220828122581699,3.8157622814178467,30.57488980163716,4.772910312412894,0.3346666573750755
7,74.12945485115051,7.7024426620317366,2.3000007287208812,0.18958547497032324,0.3819749355316162,10.735131308530253,2.69222632610339,0.20713061557889995,3.665817975997925,10.806640146893336,2.300803726795835,0.1923317783483607
7,63.26555013656616,8.764411388569124,2.549590604452353,0.20808490698045298,0.34857606887817383,11.07376997245159,2.807573251383628,0.23538783117829506,4.012579679489136,18.449956384084253,3.7667554608128375,0.2883155499914646
7,76.47667407989502,33.137238125121925,4.686292827620627,0.27470620533419216,0.40035295486450195,16.86866264033513,3.647116042568256,0.24258549567350568,3.9345719814300537,17.416033182408466,3.776439582162483,0.26059886961555717
7,38.86215400695801,7.692844672432436,2.3040245413115183,0.1902754448271062,0.31672191619873047,9.815887713552502,2.5682519387215867,0.20101086017780986,3.619899272918701,10.824015457169383,2.3361214460865805,0.19567489960442774
7,46.85179018974304,7.657852671139717,2.3002909075551425,0.18854977450897203,0.336810827255249,8.718157453433818,2.41583781215961,0.19184113100458197,3.8113458156585693,10.670598972402631,2.268965893322791,0.1853073956474073
7,50.573808908462524,11.81075942964624,2.8732214408271424,0.2179769898382835,0.4000880718231201,11.254646661409273,2.8371151675618114,0.22678696651416258,3.4753072261810303,22.660146186119164,4.064622716862707,0.30286122786745606
7,61.197962045669556,35.632838879323394,5.080951655977172,0.29797154373881163,0.38341712951660156,20.086033393772276,3.9930775758742736,0.26681648530147734,3.756078004837036,20.008866610556364,3.936570894270096,0.27056164243983105
7,42.4985568523407,33.994344526163374,4.953516970447361,0.2916555850481696,0.2509438991546631,20.540884894214077,4.031780070995232,0.2710086385284501,3.0534989833831787,19.563185755886312,3.856020349475296,0.2654803019800952
7,54.07515001296997,37.632350535426454,5.2141549096577195,0.3057868444797835,0.40421509742736816,17.604683826934725,3.6538536533987958,0.24258572459923594,3.5610060691833496,20.262638709401802,3.992141219421209,0.2740359210610927
7,49.290404081344604,31.602696157716526,4.595132203625643,0.2710983331073981,0.4107949733734131,19.691981293347947,3.943547429413365,0.2667909880763068,3.692295789718628,21.4276100674907,4.168470628969249,0.29359305691337423
7,61.41075611114502,32.194567343665305,4.63160125555782,0.27235161324186996,0.36420106887817383,19.82634368602547,3.960095185590336,0.2686127985252209,3.8400042057037354,21.669893436899272,4.196802309966586,0.2956085773478443
7,66.54221796989441,7.701200840599567,2.2918932599362636,0.18812519013676765,0.4085359573364258,11.290857912951406,2.7524006451273073,0.21179804940911756,3.922463893890381,9.391297134288203,2.287114792081573,0.18799336410908754
7,56.887629985809326,7.710697999348259,2.2960057226191104,0.18870436766348186,0.3504037857055664,11.169692479351133,2.7413387689177626,0.21033091250893718,3.7535879611968994,10.123043286515264,2.277060804040986,0.18911847791528216
7,35.71098017692566,13.602079937680669,3.0428242257220215,0.2029208402623912,0.39124131202697754,14.659599921483531,3.0821703406004737,0.22176821254974208,3.6651852130889893,30.284056140272625,4.759100156329259,0.33384653888113547
8,46.12164115905762,36.286288238057786,5.123808380211801,0.3044517893088472,0.42226576805114746,18.08124580665832,3.521078845425075,0.2338493458985009,4.463159084320068,24.905657546208378,4.413116204254266,0.29193191781333955
8,47.12908911705017,18.844957998594037,3.593317878387016,0.23584771934789883,0.451035737991333,18.15962666188402,3.526518925987839,0.247155720388658,4.9706151485443115,27.40822615937004,4.50535718494399,0.3096139553763632
8,51.23780083656311,33.75271336503811,4.900804131245695,0.29121792169188915,0.5194730758666992,18.214432365382155,3.547270940874741,0.23709540763765982,5.391488075256348,25.32725988367179,4.4187053850311555,0.2918356332500127
8,50.09873700141907,7.037454200837632,2.1865620164409516,0.18458981432186902,0.4069850444793701,7.644094316061762,2.105819895499514,0.162029218612875,4.61756706237793,11.821843323026991,2.892057613332516,0.22678352229041546
8,29.241639137268066,12.426534417883673,2.93088633601333,0.21328330658381897,0.5350141525268555,16.49397787485019,3.246862675290641,0.23510910611657107,5.5761377811431885,22.729918919416736,3.9792108660560377,0.2891369391722473
8,85.83615708351135,6.606699998332158,2.075801889532938,0.17000986812956756,0.4744248390197754,6.817188760247821,2.082518700255781,0.14899989354961873,4.573149919509888,21.445043936280175,3.566597124009799,0.2597663100855714
8,62.59068489074707,7.037586590313608,2.1893487998634806,0.18544027222585494,0.47164011001586914,7.781990067468293,2.129485979142483,0.16459463232415364,4.956336736679077,12.697528865234199,2.9336772076889246,0.22510266292810222
8,59.25683093070984,42.167718593753115,5.6366528964576625,0.33490519693860005,0.507195234298706,20.489876078709347,3.8120752224906713,0.25002753490116875,4.831620216369629,17.931728083426375,3.6893312387863078,0.2486083613029455
8,44.398714780807495,19.50010719020405,3.6587326744000106,0.2367952981864677,0.4037299156188965,18.52162631732158,3.5603438193281445,0.24709344990506774,4.502540111541748,27.72101042656222,4.5456571618082515,0.3088690640429717
8,49.00111675262451,6.790723742620504,2.1647302311304584,0.1914175766954148,0.46541690826416016,7.5930316544793115,2.220405323389797,0.16664979973731212,4.914277791976929,14.998489360847342,2.9095655335452157,0.21225143170631336
8,48.10863971710205,23.62025328961832,4.038668855619957,0.24827314047141688,0.49410319328308105,18.78311020327696,3.6127150689981384,0.24753769118216393,4.861897945404053,26.943606888700064,4.50168246931747,0.30251374601418607
8,58.47061514854431,18.34412744997952,3.5469829839104023,0.23445178062517666,0.4795999526977539,18.043166532832092,3.506370296879957,0.24584771722274398,4.803797006607056,27.260483455868137,4.484985737145233,0.30886856467449664
8,36.81272912025452,27.96223186179064,4.374900257003179,0.26285583546803915,0.4906320571899414,18.373785881823895,3.554093553028443,0.24156704255845315,5.075305938720703,25.823782669670308,4.413634155799831,0.2942042202599032
8,48.32819724082947,40.43556627420043,5.376655962461595,0.31667089406805227,0.5058541297912598,20.080790565449053,3.771968724407946,0.24813386868489062,4.852151870727539,18.252440686318188,3.777068585359403,0.25830454119800983
8,47.64037775993347,13.526100954812868,3.059682871253546,0.21771137495540507,0.4753577709197998,17.19143878258704,3.4071654310345725,0.25030078363545055,5.061630010604858,23.107409316993312,4.030043250736507,0.29271556553747197
8,52.65731620788574,10.58609554203672,2.6911452718178914,0.20242216409747416,0.49277186393737793,12.769757909489542,2.7195640118009456,0.19738447946379145,4.791344165802002,16.74693423068305,3.3940663358291414,0.2525599971731954
8,45.8451828956604,9.689085612787192,2.62490592343041,0.201648742668573,0.39111900329589844,11.707775430220346,2.6384033769272137,0.19275909714606962,4.413997650146484,15.316944446267854,3.3245078723329704,0.2518871105402852
8,55.88121318817139,9.587181382577409,2.614922877263204,0.20066768541831212,0.46002197265625,11.75137683141386,2.6496040455943475,0.19330731898323128,4.974763870239258,14.467178092181733,3.272070800265709,0.25041906727400604
8,56.83137369155884,14.39829725859033,3.13774441606528,0.220036135223279,0.4822571277618408,16.941777142890746,3.4031709083120774,0.2506682718769763,4.829371929168701,22.93263030921196,4.032084131675848,0.2914129895871623
8,52.59762716293335,6.8200084376298244,2.16263737608926,0.18818587061759876,0.485217809677124,7.729325014407128,2.230403515821744,0.1659111173880593,4.775672197341919,16.69444554466434,3.0745974412930557,0.22337833323203862
9,36.175058364868164,14.227719100369468,3.1143861652172835,0.21458977024051132,0.5506381988525391,14.080436110668062,3.0329472784040585,0.2120954779491772,5.655557155609131,26.833770195420602,4.075223232382721,0.28979807182309475
9,38.79261803627014,6.666362134663832,2.1334298007062897,0.18357496491416397,0.6068928241729736,7.909841558191528,2.202670146334095,0.1689153345920135,6.763991832733154,10.224774208822932,2.3976923591959785,0.20677862753920112
9,28.737149953842163,12.018554890207426,2.8360908204324393,0.20179979704982254,0.5987019538879395,12.4826344795934,2.8386079477017265,0.2009545603779573,6.221648693084717,25.591241665358623,3.817268507795608,0.2731405759516993
9,39.4087028503418,43.73198725457599,5.737054689436889,0.3476797815712234,0.6083331108093262,20.132165528456717,3.7644497840010436,0.24916260164416512,6.4337379932403564,26.658498930516163,4.455053440635608,0.2853624109450163
9,34.961353063583374,7.163533442831484,2.252732370665243,0.18925894656400513,0.4363377094268799,8.82237810348875,2.355101622353445,0.17799255180079018,5.452711820602417,14.90381737504633,2.8621788682012066,0.23131275801033196
9,44.07290768623352,8.581972870371551,2.448343937349057,0.2252286005594496,0.6381621360778809,8.576884238469681,2.4671064865704824,0.1930204520954274,5.769212961196899,8.465058908566316,2.3263667889063515,0.18369596133740437
9,40.95584011077881,6.915808612356938,2.204939935091377,0.18922898825423337,0.6120719909667969,8.179309770749953,2.250621087096267,0.17182653720925936,6.26252007484436,12.605781606379754,2.679647529339306,0.2222317217753321
9,53.6253719329834,7.804694656561562,2.322278703337053,0.23052957860714013,0.6373450756072998,10.479823522219645,2.642758688882407,0.22249798996638864,6.0504419803619385,6.513435851653628,2.0620430633759,0.18156760364632862
9,39.50557088851929,6.655759529701754,2.1386582091081103,0.18477263305279215,0.5356779098510742,7.864666607005795,2.193282463322657,0.1681466284316459,6.110669136047363,10.247228452196284,2.4039554275680306,0.20760679332534068
9,59.84433579444885,6.8961073898730225,2.1984096794394383,0.18877989578814486,0.672065019607544,8.12041796185098,2.236043947545758,0.17075704840780187,7.070768117904663,12.385992626115783,2.662260657486346,0.2216242956675272
9,70.87336015701294,6.734774457249519,2.1648901540977414,0.1890462246261434,0.6053366661071777,7.478204344201048,2.1676685657146053,0.16936298531982766,6.196113109588623,10.28667340117083,2.37999968367713,0.2062898351330947
9,47.64783000946045,35.39551104280608,5.022073075371343,0.30610862109732756,0.5687081813812256,19.294485580399762,3.668973731824834,0.24377640360745062,5.796480655670166,26.785103552810718,4.46965624706623,0.28902182212498506
9,38.972419023513794,10.101947517097399,2.6025741278287176,0.19378054094226588,0.6416177749633789,12.366424845053714,2.781738146615697,0.19945883530498032,6.904338836669922,23.058823201760998,3.633400099836103,0.2690375603012953
9,40.6990110874176,8.133611458751757,2.366219550812865,0.23061916560603654,0.6181678771972656,12.7624978929058,2.887366075022303,0.23453742562089366,5.983052968978882,8.720850621949065,2.3625903599930322,0.20364398048417504
9,61.070019245147705,6.811893993676671,2.1764961578896256,0.18824511697648438,0.6425049304962158,9.76390672990336,2.4850703401465406,0.1982388191832756,5.524093866348267,11.713537963104104,2.4938571883294594,0.21709221040069757
9,41.02993106842041,15.43668099185921,3.219588148990764,0.21833243673667277,0.6317093372344971,14.923564720869516,3.0236571391735763,0.21024703647267445,6.511021137237549,22.044117925352534,3.797414803286234,0.26686812283752837
9,64.91101908683777,35.96220392825531,5.072995724899181,0.30826441872863763,0.6083648204803467,19.48376680981532,3.7002257007425468,0.24600331666752218,6.221573829650879,26.843002111475343,4.4911914368811745,0.2901298226264447
9,52.25730109214783,6.751792775950287,2.161195838531662,0.18777150861750067,0.6201019287109375,8.666656133182707,2.3504645295230855,0.1841663227921131,6.404016733169556,11.199299679264024,2.4450795229442943,0.21261458239586817
9,48.33941316604614,7.847357206386864,2.3317698495986012,0.23137013744735832,0.5275411605834961,11.019416689823137,2.705098326445787,0.2294187342007691,5.585249900817871,6.588427491150006,2.0546451349005728,0.18215750018555552
9,51.33471632003784,42.55653116212965,5.646903849637136,0.341509015835551,0.6102800369262695,20.37404765580523,3.798690734855909,0.2517977054646908,6.2010533809661865,26.77717995149224,4.4597473822434575,0.2852311392353996
10,38.81140923500061,8.022195604378988,2.3520518396183494,0.2159640051036275,0.7667210102081299,9.52947575503509,2.542896555119748,0.20980450217439517,7.077434778213501,8.973620149357838,2.3290951663109287,0.18746316933457113
10,38.084211111068726,8.062666021680776,2.366215850508608,0.21658184163146313,0.778404712677002,8.618211976438715,2.4863411060239056,0.20183461223304536,7.9913489818573,13.152904160698942,2.797928977617067,0.2228011191484584
10,38.81674337387085,40.52539633311975,5.413235197448658,0.3321427016847791,0.7421998977661133,18.213207171371952,3.467095277198088,0.23124400981320772,7.923951148986816,24.681950959309493,4.2286346162571515,0.27786505887696694
10,46.184645891189575,39.35560668919881,5.3410537136159535,0.3313679683008907,0.7500417232513428,18.077731989542983,3.4430833158885936,0.23033324183364462,7.946786165237427,25.016519126994957,4.272833974028132,0.2865012610256038
10,42.88397192955017,9.85933616028306,2.5256085329081346,0.18832963534050612,0.6700239181518555,16.460250784072453,3.103276693979771,0.22102760773653907,7.122207880020142,13.411995922940923,2.9258010778913954,0.22008349450744
10,33.79781699180603,8.229213310150152,2.3732875493399184,0.21652739162401735,0.7752268314361572,8.935936255083856,2.4751348553820156,0.2050667198203136,7.960840940475464,8.399164287663064,2.289009212171355,0.1842444445100679
10,40.78683114051819,40.709064679271336,5.448927205154007,0.3381195703022605,0.7514550685882568,18.038226391988708,3.432510110474092,0.22870097419316382,7.966495990753174,24.952257798714744,4.262726623589278,0.2829203272580635
10,38.02477526664734,8.281696417151066,2.3780138203207124,0.2166324190135692,0.746190071105957,8.95011552528389,2.5148983437642367,0.20761399101926342,7.439580202102661,9.447595097008326,2.4424064138396515,0.1958514528984446
10,31.03335404396057,11.756138284059094,2.7782322170285405,0.1979990413037075,0.6796057224273682,16.56061343129934,3.1549959968725103,0.22091051964115635,6.71306586265564,15.52033375019886,3.157905804567496,0.22776040618396418
10,44.96382117271423,20.46533595761,3.74845725447891,0.24226557091436093,0.7903048992156982,15.35210658545388,3.222522684435276,0.2204222913071802,7.241282224655151,26.20697081252219,4.162619197494135,0.28258816811326926
10,39.40144085884094,6.963181831447031,2.2175336486874526,0.18797534170894512,0.7334411144256592,11.65670306938,2.695150558653228,0.20375666044357812,7.610887765884399,9.426789244046113,2.4956334792649595,0.1993818592229884
10,50.69398307800293,6.739220989841251,2.1994222475438816,0.19237702327200104,0.6347560882568359,9.390820194365057,2.4441826358915293,0.18764810197485524,7.022095203399658,8.91392035916002,2.3832706340547953,0.19316576530493537
10,50.48222208023071,34.00498085756308,4.887622045884277,0.3036206154869834,0.6355979442596436,17.7579702510369,3.4067934999829315,0.228135926252144,7.868712902069092,25.96226052974379,4.30626831110387,0.2919430490698687
10,34.50795125961304,8.315651239845199,2.3823453186402497,0.2169099511551175,0.7441699504852295,9.430968946684267,2.591938817483632,0.21163836927466964,7.552551031112671,11.359989740056271,2.6740389519057097,0.2129504562462367
10,51.24083209037781,16.61321718043909,3.3122101398871986,0.2184225154582612,0.749504804611206,14.780858999819419,3.085408894815824,0.21198332442975137,7.775192737579346,22.652435100136692,3.769221575590416,0.2563402353357339
10,39.29004693031311,9.51536556376529,2.5492618070027495,0.2204283862205142,0.5270829200744629,17.15498365694933,3.274584074727603,0.24458433181133257,6.1473610401153564,22.654516273849005,3.8906016823211207,0.27771860466664744
10,26.28327512741089,9.50791836953107,2.547586865033909,0.2190228247870755,0.8014850616455078,18.910908899339216,3.462896363677817,0.254906945956815,7.716137886047363,21.927808000848653,3.776506922142144,0.2678836913566104
10,49.1384482383728,6.874093685380586,2.2210502785533803,0.20080840119358215,0.7312300205230713,11.980022182126667,2.6063148676307457,0.22239289999506784,7.699629068374634,10.262196285278415,2.4208946778147538,0.205350616569781
10,39.932127952575684,9.057438172784833,2.4387898765298117,0.18613782859378386,0.6738119125366211,16.19372701925083,3.0671506134838955,0.22055037695222923,7.074486970901489,13.683249630326195,2.918108677129284,0.22137594908140193
10,51.244487047195435,8.095463446063595,2.363511437453716,0.21698416011866845,0.771697998046875,9.424186564690736,2.5205760774663473,0.20863899254406262,8.02281904220581,8.670553855017829,2.2984454616054033,0.185284958076128
