tipo,tiempo_1,mse_1,mae_1,mape_1,tiempo_2,mse_2,mae_2,mape_2,tiempo_3,mse_3,mae_3,mape_3,tiempo_4,mse_4,mae_4,mape_4,tiempo_6,mse_6,mae_6,mape_6,tiempo_7,mse_7,mae_7,mape_7
1,0.015647172927856445,3.7477531587755237,1.7640188160469383,0.1315733712995574,0.020158052444458008,3.9489107717881065,1.8182530927002272,0.13409032569375715,0.034004926681518555,4.035208542172476,1.8408974026691787,0.1372884666260253,0.051409244537353516,2.2093886995734464,1.310368245539346,0.09698560081513119,0.09993124008178711,2.3297812435570258,1.3520698972098815,0.09903381086989366,0.13268399238586426,2.4412603848278334,1.3784034174480961,0.10049379793954522
1,0.011847972869873047,2.2955663932998975,1.2850147591002485,0.11259856773968208,0.01857304573059082,1.674040616218688,1.1549461759421604,0.10349038671043774,0.02895212173461914,1.6777463120842588,1.2084367454820615,0.11241469410790002,0.04512190818786621,2.155233648940438,1.3739615958551703,0.13105353772641784,0.0925290584564209,1.923746208574726,1.2872834562307187,0.11928347279846335,0.11676597595214844,0.8472334596878018,0.7164260114075199,0.0630773164335309
1,0.011609077453613281,2.5011842685228083,1.344593105941559,0.18327078591743506,0.017206907272338867,3.6312771092542175,1.6596563073016692,0.22601497139598103,0.027028799057006836,2.7116190578320327,1.4152254084954627,0.19195677521295273,0.04184317588806152,2.3891598529937426,1.3274497755118,0.17999600772673655,0.08435297012329102,2.4891752561894376,1.3392312331977412,0.18354316828374614,0.11459088325500488,2.4917913330005033,1.3267060632632168,0.18171154125295544
1,0.011122941970825195,1.6314272559598475,1.032513112735718,0.10276117688717179,0.017695903778076172,1.194019852953337,0.843152028260501,0.08407094324263059,0.02732372283935547,1.3436275647540787,0.9227411343658481,0.09191572093679379,0.04224991798400879,1.106569652600422,0.8310249955194081,0.0832531649648304,0.08253908157348633,1.1781338994706922,0.8603811352621807,0.08613346467569238,0.10566306114196777,1.2078934974868367,0.8730785705712428,0.08747214233299459
1,0.012238025665283203,4.380777143784506,1.8082863373349944,0.11460436353011227,0.01974797248840332,5.420051613076256,2.1746656407980076,0.1344339416217506,0.03347516059875488,8.748495689152046,2.7171381945160626,0.1659856073861247,0.05318617820739746,8.76235454990909,2.7863618278575415,0.17130413756797602,0.10808205604553223,1.4987783105784984,1.0241339649135497,0.063043757051185,0.1459970474243164,1.705162784648061,1.0991333820850133,0.06822633589610642
1,0.011304140090942383,1.6044553192972455,1.0830949752699255,0.14308753144954675,0.017193078994750977,1.4162882440110849,1.0233448716358071,0.12881367394156074,0.027477025985717773,1.4454858966608228,1.0311984547791273,0.12802230386383254,0.04166913032531738,2.1730471903115878,1.2161887081265321,0.14442593760606978,0.08775186538696289,1.5003572082170518,1.085924511075907,0.13206840214368062,0.11307692527770996,1.5946548192672065,1.0937359394706085,0.131668326101418
1,0.011881113052368164,1.8996468385743779,1.2257883255616384,0.10151788577593174,0.022522926330566406,2.2932650593744106,1.2763840020941293,0.10295623637622542,0.03257274627685547,3.568361276959205,1.7468684742824936,0.1457098898841376,0.05010819435119629,2.647037818937578,1.5029061045122987,0.12503068577706145,0.09958767890930176,2.974140795327548,1.495217236904816,0.12504620893624432,0.13185977935791016,5.991112760026813,2.113638824399089,0.17175809648568116
1,0.01164388656616211,3.437286732911556,1.324656293444949,0.06539688824804163,0.019552946090698242,3.571337123024526,1.3732084684158379,0.06457859650489518,0.03152203559875488,3.4359548001858164,1.3854036375203862,0.06774000483088284,0.05241894721984863,6.466871886639862,1.9713599098514838,0.11218931319589427,0.10841202735900879,11.437294897105948,2.779341142806023,0.17668667501006544,0.14882588386535645,14.077998992492397,3.042807444006474,0.1968507967496711
1,0.012077808380126953,7.448506223016543,2.20759241581291,0.15353906425169334,0.019930124282836914,6.115768740945679,1.9265210095706582,0.134677200051545,0.0326387882232666,6.180416113566518,1.8985141293768164,0.13341173749120236,0.048979997634887695,4.7538690341630305,1.6726068791119504,0.11238308828734611,0.09604787826538086,6.207852319854578,1.9811344879656552,0.13295443527619435,0.12799596786499023,6.901443660131638,2.1139514156210115,0.1439619863439048
1,0.011588811874389648,6.392728460102727,2.2513111956388348,0.23294462404660896,0.018970966339111328,3.2710176469582266,1.6291496942454735,0.16986543306997412,0.03061389923095703,3.4488982624540188,1.6623268515304315,0.17286988642006385,0.04569196701049805,3.402010500468366,1.6631110877349442,0.17317631252743126,0.09246015548706055,7.037183352318661,2.3027478156902275,0.24500637781293277,0.12103819847106934,3.506581652872724,1.7598352896423979,0.1834139836422007
1,0.01190495491027832,3.0209705340310875,1.498566196015081,0.11771921227919158,0.018121957778930664,4.606960028766278,1.6587120663821657,0.13146390193742355,0.029111623764038086,2.477171260114434,1.276361463662305,0.09140596840564115,0.04459333419799805,2.337684082109034,1.253526151108684,0.09053069614399743,0.09881806373596191,2.7046349343503695,1.3453973598155917,0.09712359584312114,0.13028788566589355,1.221710162508109,0.8840367358786897,0.07033360996309602
1,0.011507987976074219,1.685178791613341,1.1831969054600464,0.16419726990404446,0.018587112426757812,1.7817877550497174,1.2001665781806776,0.16318843888952225,0.03194308280944824,5.125483869156013,2.0446251394221773,0.282209526426569,0.049240827560424805,2.4398141748591535,1.29327901420022,0.17631336475164558,0.10335206985473633,5.508159808006382,2.097770983581217,0.28854642932401975,0.13654589653015137,2.295101318350541,1.2117032247814092,0.1508958116134624
1,0.012305974960327148,11.601399899533753,2.5697980634576574,0.10762947548635582,0.01882004737854004,22.06945202857086,4.096519268326841,0.178613530088787,0.0313258171081543,9.685407780163485,2.7215956610765475,0.12047301022257774,0.05126190185546875,5.151317083178669,1.9301208555741673,0.08642163686371923,0.1033639907836914,15.544695814993206,3.124500129276479,0.13230035927069536,0.1349959373474121,14.483691815874293,3.0825210541637027,0.1315641305237604
1,0.012717962265014648,14.919955512397811,3.564255583911882,0.17364850444174043,0.021225929260253906,16.198577340637225,3.6313665893950424,0.17824985782131386,0.03446769714355469,20.812999552076732,4.08505485699628,0.19837604853913424,0.0527348518371582,18.31277696021071,3.8825886705043042,0.19166954574050044,0.10016107559204102,7.737514214680151,2.054230146019256,0.08339153955841645,0.13283824920654297,10.14818532178642,2.388239199843754,0.09725393626991435
1,0.012345075607299805,2.884607012727612,1.3277051509964337,0.07642958354411356,0.019166946411132812,6.768034951069325,2.375404803880049,0.1418494801270582,0.030867815017700195,6.248612725214119,2.1616342908981183,0.12698840031779246,0.04711508750915527,6.621547512567575,2.1931970145307456,0.12865365393916073,0.09634613990783691,2.629708706294989,1.184834228111491,0.06596572275976777,0.14654803276062012,1.3908720141959885,0.9675654279960311,0.056048410524649046
1,0.011682987213134766,1.8840312039055764,1.2216196134165815,0.09129048813389405,0.016447067260742188,1.9781226667716467,0.9799992470121807,0.06565494454479004,0.024914264678955078,1.7648256916565757,0.949045170965713,0.06464477831315929,0.03761410713195801,2.1360025408290095,1.2692950603319193,0.09336550295261713,0.08071589469909668,1.9830489109077114,1.3124652452032428,0.10060467581357556,0.1063079833984375,2.3470742639162507,1.4356549878979539,0.10908370863411287
1,0.011301994323730469,3.6388290449451195,1.6795780366996158,0.2364974623353946,0.016613006591796875,7.863244746497124,2.6060156657640023,0.36796625048460746,0.026696205139160156,3.4766247162524544,1.6212636842960977,0.22820104183887976,0.04362201690673828,3.6357406312221983,1.646572483108395,0.23320201729568027,0.08612465858459473,6.843856732003256,2.386979071852158,0.3334638700134251,0.11632800102233887,6.406997566828044,2.2948861393847886,0.3226671607719627
1,0.01191401481628418,11.055516556678873,3.009126547559557,0.32111415023343276,0.021157264709472656,14.674100268723564,3.6043411981051823,0.385744362709774,0.03424882888793945,13.46252126576542,3.398011169483839,0.360491771222274,0.05506110191345215,22.051451892113352,4.403096827038373,0.47210487121590156,0.10871601104736328,29.20791416287908,4.976111844725216,0.5452534368172394,0.1406869888305664,28.97659830134606,4.898741382134381,0.5356395634006735
1,0.011783838272094727,4.375706624205219,1.9178123788688606,0.1274373951187405,0.01753997802734375,5.400947523891037,1.863326017910565,0.11226874581583307,0.02914261817932129,3.173118662536043,1.159982071740541,0.0676098346078763,0.05163288116455078,1.732966244459152,1.037303312719249,0.06342645606219788,0.11225318908691406,1.5276910107128716,1.00553296431094,0.06466931959909561,0.1459503173828125,1.3510592881253285,0.9650635715411457,0.06360247448306562
1,0.011791229248046875,1.3164038846895565,1.0000352719518764,0.055583274883583444,0.018764019012451172,2.2364387548441544,1.315824333328281,0.07615226446374444,0.030477046966552734,1.3309215298395323,0.9785863539492096,0.05755843245144837,0.0490870475769043,1.4255623592969549,0.9851853438221441,0.05869227668116028,0.09997916221618652,0.8115960073853419,0.7461471338452955,0.0444325401335644,0.13025283813476562,0.7047877211811716,0.7145038171240214,0.042337295856472945
2,0.022415876388549805,1.7840424423829135,1.1041703343655758,0.11349077802870171,0.04355669021606445,2.4012020188880747,1.240968807166727,0.12855260533177912,0.07752799987792969,2.046858099032143,1.10690008786752,0.11636063152656151,0.12270498275756836,2.4527779397675817,1.2107703872432969,0.12570855952595816,0.2566819190979004,3.658271582541019,1.5300668673592817,0.15985263733754154,0.36313915252685547,4.640003428380427,1.7977795798485443,0.18838332238152222
2,0.02255725860595703,21.112862821585377,3.6967355269965547,0.22004151833510197,0.042275190353393555,27.264452710421406,4.157994285510483,0.24131189437089376,0.07924389839172363,26.369867222739774,4.145291813523996,0.24467992685482298,0.1241610050201416,24.577996518729815,3.733838904665611,0.21533767824797453,0.28632497787475586,27.303157267393555,4.144118609075508,0.2401456755018649,0.3983607292175293,19.77599207433339,3.721147066919084,0.2291433940220142
2,0.023604869842529297,5.319273608673957,2.046224002787808,0.17040189630529778,0.049773216247558594,3.090275899107752,1.4469411289894314,0.11339188768322851,0.09040093421936035,3.8975116866784774,1.6263496890603246,0.1298126603851063,0.1487112045288086,3.895571670077484,1.6600089355734922,0.12795269595569755,0.2951071262359619,7.96610764353213,2.455063160467908,0.17863811438197277,0.37104320526123047,8.322880479417302,2.4779762243114387,0.17843311697710004
2,0.02328014373779297,9.973575092975581,2.858437051206614,0.21172292731979248,0.043044090270996094,9.07260696018208,2.708780973662769,0.19612215154643817,0.08189892768859863,9.968218078050144,2.401772453178158,0.14868362891370407,0.13967108726501465,14.151041974018197,3.0951093272203196,0.1963864775326206,0.31055116653442383,15.07535385958999,3.129097147345599,0.19664239466386238,0.40896105766296387,14.3124187429397,3.0504210529006683,0.1925277306334239
2,0.02467799186706543,8.727574478209855,2.594847628418138,0.23792172224465868,0.046344757080078125,7.469613793300901,2.3464376542828833,0.21336380967163993,0.09102582931518555,7.321041926437558,2.2506784154411825,0.20323908023711268,0.14115381240844727,6.971202191474252,2.240396415505988,0.20180531762682863,0.28896594047546387,6.693253440393343,2.1501745843530373,0.19322023997987947,0.3844029903411865,6.617772322688643,2.1353585859714457,0.1915694736663979
2,0.023569107055664062,12.992810386520778,3.3072554799455296,0.22707120641310805,0.04237103462219238,14.310148853329801,3.4563918518260586,0.2326343906045918,0.08087587356567383,26.126992391448443,4.617079992641352,0.2905618874074511,0.1341710090637207,24.25534484546992,4.414908489078689,0.27819944424500337,0.31084179878234863,24.693146737748602,4.261012922601595,0.25942022731168,0.4079561233520508,24.54448271072093,4.297800937368181,0.264326667492945
2,0.024365901947021484,2.1006457902406557,1.16175037567443,0.06908639876023369,0.05208086967468262,2.0865377131182803,1.0857095680774824,0.06041745668112878,0.09218192100524902,2.613954922546575,1.213705386753094,0.06708877560236669,0.1591811180114746,2.0407205189344952,1.0593723010183433,0.059355930373984254,0.33447813987731934,3.168847249409515,1.28306932657058,0.07204484741734252,0.4507741928100586,4.25858634548682,1.3908822072037734,0.07429007166295869
2,0.023190021514892578,13.831307663681324,2.7708364233260205,0.15895947577375297,0.04071807861328125,12.402320344823925,2.770447560387405,0.16686246467803015,0.08496999740600586,9.916161743877597,2.4219770194468757,0.1469198148226177,0.14884614944458008,11.716570062200867,2.7903331706019343,0.1694291020954802,0.3425872325897217,9.74075202980656,2.36831558251045,0.13794625065366017,0.43950414657592773,9.134089848736755,2.3556544359234564,0.1391039048225529
2,0.022340059280395508,2.1507466859191617,1.2587253901510451,0.09853839717047119,0.03758835792541504,2.0684381465386243,1.0218958761621189,0.07753167391831428,0.07449603080749512,2.279171556198999,1.1349463339116168,0.08856100702113402,0.12990784645080566,2.685694239898613,1.1676894515385086,0.09243855401342256,0.3078041076660156,2.3159382844100787,1.1055767129935743,0.08442301902807958,0.4105238914489746,2.2189057533405077,1.0812425699175712,0.08605453026381667
2,0.022840023040771484,10.458214020594122,2.853833476412401,0.2380055924101746,0.045683860778808594,3.7864801706081224,1.5853842667053615,0.11710957953410461,0.0934150218963623,10.690595572439449,2.8085235244942215,0.25272601286471535,0.15717291831970215,10.404670289848047,2.6780250065400555,0.24079692867703625,0.3231320381164551,4.428897560208754,1.7138296762681724,0.15222845110870473,0.4206562042236328,2.7209404405446342,1.3572036788034219,0.12006236728031704
2,0.023321151733398438,2.5448839131490613,1.2283787958017751,0.06462811392608146,0.04877901077270508,2.6753543524974006,1.2040198905559671,0.07107495069960833,0.09769892692565918,2.5959230194242653,1.1957730267349125,0.06992184909572964,0.17809486389160156,3.09102082885701,1.4577155049592123,0.08621357377087659,0.3685290813446045,2.018669193651738,1.0623420056392623,0.058998993951678964,0.5053660869598389,1.7826702087043167,0.9547339654402712,0.049281093881965554
2,0.024278879165649414,19.210128883513065,3.759173770553383,0.31295818574168566,0.05112481117248535,19.69199415763822,3.9263639405329838,0.31474750534897467,0.09003067016601562,19.62060923104113,3.993885689076412,0.3189488858144021,0.14936518669128418,18.7924646163922,3.895719461295568,0.30655305960288204,0.32613611221313477,20.07859505049508,4.021123516966718,0.29587298703997056,0.4380309581756592,17.64866022533079,3.7196436387262506,0.2684380455483446
2,0.02473282814025879,54.335317599905636,5.572155137401704,0.16819453237873186,0.04772019386291504,108.24482123264845,9.027192062843291,0.28723860787925465,0.09579682350158691,110.03549423315813,9.192146794335677,0.2938474833477781,0.15759992599487305,110.56533917150487,9.258659857466778,0.29656117343805144,0.35599398612976074,114.97946984450094,9.836990689517224,0.3210607665298083,0.4760301113128662,121.71717121137992,10.180109940096619,0.333083421837095
2,0.02581310272216797,4.629348816340218,1.9305547037542967,0.17115035254731295,0.047096967697143555,2.199220156124211,1.2096649449832129,0.09708200749723932,0.0858769416809082,2.6315923543226267,1.3878798469787494,0.11490000836235326,0.13215303421020508,2.6932321237706685,1.3838385195147362,0.11286404799967971,0.2983880043029785,8.936766267778372,2.647981092081276,0.23089215631795415,0.37883496284484863,9.282642171106948,2.706994383889039,0.23640878979441352
2,0.022669076919555664,5.164507151775385,1.888937626098178,0.2694150996096141,0.0418400764465332,4.188725316723072,1.7755521774270155,0.3202824642258962,0.08040189743041992,12.452392180884496,2.8567492583155096,0.5576542799787657,0.14148378372192383,16.607335583380763,3.682847926807323,0.6503369042706624,0.3052978515625,18.406398946677413,3.8668490621782285,0.6874805190217961,0.3951122760772705,19.388195340004575,3.9963573446422167,0.7081650717127181
2,0.02302384376525879,0.45487135435624576,0.5730865860199955,0.038818086048757895,0.04637479782104492,1.175595911111077,0.9648250344328666,0.064535941768099,0.0876011848449707,1.2910428129240386,0.9894584358870736,0.06512959067217777,0.14473986625671387,1.1174182245067608,0.9159008315382434,0.06085771345565603,0.3455369472503662,5.268749708236173,1.9400894331742642,0.12796630779419704,0.4752011299133301,4.005399878366787,1.6177539325717814,0.10525360695910069
2,0.023493051528930664,2.1420379658953785,1.3267434756698782,0.1152990508361152,0.044000864028930664,0.9419927674293879,0.8389559081847638,0.07299715088818905,0.08941793441772461,0.7672367559741738,0.7882619058231347,0.06710645966629127,0.1499168872833252,2.311884086140156,1.2893433164793768,0.10934709293678102,0.3270759582519531,2.004068828772832,1.1189819034337212,0.0925375278265912,0.4442107677459717,3.230331544140901,1.2769549111639098,0.10277474916362618
2,0.02413201332092285,12.69408434227951,3.12622824441596,0.21696323037936424,0.044486045837402344,12.18884457201112,3.104389044582863,0.213746650207759,0.08561420440673828,13.64687452825448,3.28545222062756,0.2252745287990352,0.14631104469299316,14.440691769647492,3.3877449267566724,0.23229038892992793,0.2966768741607666,15.033417216436122,3.474559250207335,0.2358279896561284,0.38942909240722656,15.418061863396398,3.521175671148658,0.237643133217863
2,0.02329707145690918,52.274826592249774,5.6945114473734,0.23511806858529802,0.06825518608093262,60.50252563696992,5.56825552175282,0.2033888783234101,0.09546113014221191,68.6415386716702,5.83409809070008,0.21050019673234735,0.16739821434020996,80.07566487559725,6.690118769963575,0.24760802989878805,0.37016916275024414,46.89355352552886,5.169723327269191,0.19768667413281474,0.4962751865386963,10.045667621065396,2.463308566699022,0.1057359624714846
2,0.021322011947631836,0.7495029886876461,0.7442374965687567,0.07557680089256226,0.043219804763793945,1.0284199560555194,0.7860835605434353,0.07950290539380643,0.08623790740966797,1.7477611875236327,1.0534473124554475,0.10554728556613974,0.1165931224822998,1.6169372087799474,1.0162094931982606,0.10202584654174118,0.2664492130279541,1.1944506571220703,0.8815290968344814,0.08963754610132413,0.3719213008880615,3.5949962859164386,1.5464544657790447,0.1575176072658672
3,0.03633999824523926,20.993602400792522,3.7726686144804926,0.7178257022803999,0.0963892936706543,20.360605243812127,3.8325234753541864,0.7362675663882857,0.2064521312713623,24.459657766541934,4.148676986439674,0.7949412903992603,0.35713911056518555,22.642479181476673,3.979348592799953,0.7685806787198484,0.8285539150238037,23.494712564944408,4.115995753004642,0.7823760843102752,0.9879062175750732,24.715510949353536,4.238207934683816,0.8024967181329534
3,0.03749895095825195,3.6288762342981125,1.6968933931378534,0.1702382823016082,0.0683298110961914,3.419732602071556,1.4789816284413493,0.15228688212343938,0.12790298461914062,6.467673195888693,2.0987568501791642,0.21755666101368135,0.1967170238494873,6.658774634462396,2.1524131926021024,0.22176321465812585,0.40561914443969727,6.932649862357839,2.214732025911319,0.22673345562565228,0.6015832424163818,6.923263077521089,2.200674417272781,0.2255551174674635
3,0.035562992095947266,6.203406384405678,2.024843649091176,0.13115852269418746,0.09622812271118164,7.545701413561495,2.079559487103625,0.13105148425523547,0.20883703231811523,8.710199481764027,2.2392758579607612,0.14177736558105403,0.3840019702911377,7.405039495348352,2.09568061104129,0.13347583487850498,0.8592278957366943,5.811433683924277,1.742015580355966,0.10858835888324503,1.1651818752288818,5.057698150172761,1.6123455522951966,0.10107425901118208
3,0.03467702865600586,1.2716719517956625,0.8779356911942293,0.10620551992189843,0.08307194709777832,1.7141119427094496,1.093275548921037,0.12956632076711214,0.18040204048156738,2.9232657833538926,1.3882804470654682,0.16854400767248412,0.3297860622406006,3.3393054108197333,1.5156343333590314,0.18589873437434476,0.6994528770446777,5.388697715060209,1.9283003987228793,0.2311551018371649,0.9775288105010986,10.282003888076892,2.699891550701279,0.32677160850297216
3,0.037541866302490234,8.177167189108326,2.3555225734060508,0.18346019481511527,0.09927988052368164,5.004119602693131,1.7299345654401737,0.12317854644657894,0.18924403190612793,9.904860078734455,2.255626633963996,0.14779798330206206,0.3379218578338623,9.792032309578003,2.2670858783909527,0.1502551522849179,0.7603089809417725,10.478601736394344,2.428241062985144,0.163993245148358,1.0352249145507812,11.114973357781928,2.723287412127212,0.21286440948139826
3,0.03698396682739258,9.882482955548944,2.824438826084543,0.202265153443099,0.10348010063171387,6.141788266350517,2.297673909861609,0.15934679789489514,0.2158982753753662,3.14889685615344,1.4561220229553649,0.09550912974884841,0.39096879959106445,12.733433269090531,3.341040218498472,0.2290234763601936,0.9237580299377441,5.452995132958046,1.6846191736695677,0.10703247191037787,1.2137370109558105,6.8674993472139185,1.886636486553113,0.12135673884790105
3,0.03548693656921387,2.714505353117779,1.227760499164062,0.12837504541612038,0.09393906593322754,2.7354029746908872,1.4570992648168017,0.16725883796482532,0.21719002723693848,2.3393726902615395,1.3175438741677261,0.15229268142136432,0.3841438293457031,2.7752099406416715,1.4490666163605053,0.1724986398801867,0.8222310543060303,13.21679601393361,3.413113525369139,0.3894353006938714,0.9478108882904053,13.487024283418101,3.4201699872183315,0.3886682386938441
3,0.03274083137512207,2.4584208765704982,1.350677043396799,0.11939354337463841,0.0770111083984375,2.4397387650828173,1.2937888334426804,0.1147485981838167,0.16542315483093262,2.4911383554148703,1.3656504998271248,0.12109028421648801,0.3189990520477295,2.64016539126595,1.4312831478853139,0.12980991595096558,0.7320208549499512,2.139747121858683,1.303057493143063,0.1197704567622438,1.041430950164795,1.958505239810853,1.2191141335794111,0.10893525442635811
3,0.034654855728149414,2.6714348970663138,1.4193518231454167,0.17444399796574464,0.092742919921875,2.9394054149490927,1.3327344498313967,0.1856895363906401,0.22027802467346191,3.092574487642549,1.3891099685017823,0.1924686015197019,0.37078404426574707,3.3884978071616234,1.4726435892918945,0.20290860194675078,0.7107231616973877,3.5541310828593264,1.48417606536536,0.20216359862174013,0.8905353546142578,3.1562204556572513,1.4130452846045936,0.19451980698855506
3,0.03681826591491699,2.6437793584061557,1.329084850374026,0.10470803275480968,0.09687995910644531,3.714327672715606,1.5424061806715312,0.11642264645013145,0.19388484954833984,2.9424116507988973,1.3786294135633765,0.10447107456067332,0.39992809295654297,2.5624633752468546,1.2670808471090917,0.09620187209096025,0.8411459922790527,11.21601036895131,2.9459049436666622,0.24194525808668743,1.1049590110778809,18.253465570780072,3.5259693879583613,0.2968265744795182
3,0.03503775596618652,1.1261455489948848,0.7545472426654103,0.04605760171012133,0.09121298789978027,1.8413328583190198,1.1290471714951247,0.07528881709000013,0.19261717796325684,2.548606295542065,1.3512814660772752,0.09178774736646186,0.3820819854736328,1.9283868966228468,1.1740710448579335,0.0765921025912128,0.8810908794403076,2.5553799901733023,1.3496213055515514,0.08669833822046885,1.1434829235076904,2.151095313768867,1.2115692640384315,0.07772450884416762
3,0.03637194633483887,56.53354666241273,7.003467387641071,0.26848173798850783,0.09026598930358887,66.9336069983913,7.512067666826169,0.2857523300020533,0.20345067977905273,77.09120447750968,8.02695858902339,0.3048866925113008,0.3719649314880371,71.32058926847056,7.763287978310923,0.2955895343526789,0.8701140880584717,86.28107542273186,8.59180057652022,0.3292686399813686,1.1727218627929688,77.42695471623531,8.054437821840533,0.30743081642791137
3,0.033332109451293945,2.9834894677489094,1.5109072268166808,0.13449672586987624,0.08895087242126465,1.6180651270692268,1.0129978256039216,0.08746466481458531,0.17360997200012207,1.9986855317844245,1.123947717333232,0.09657672899193354,0.31028103828430176,3.067027035044532,1.4897627750668383,0.13162730411493173,0.7643320560455322,3.861266947671704,1.6673497542125888,0.15723436795970905,1.1625041961669922,30.905882094880944,4.807736002521705,0.4554774558014689
3,0.037130117416381836,12.778801452535403,3.0606974695529656,0.18198646396178753,0.11093401908874512,10.278684109615243,2.911192771522381,0.16092709415009565,0.23469805717468262,12.334699847824853,2.8945822440909192,0.1438907816540383,0.4390830993652344,4.381705369872945,1.8711654594343967,0.10687289318547191,0.9479670524597168,7.262376481992051,2.2406541752355498,0.11251280980917332,1.4049742221832275,10.12401860675578,2.8984264887799194,0.15980893279559796
3,0.03859829902648926,6.513061175790202,2.1119254816078024,0.2605591539610094,0.09156990051269531,7.816433005133474,2.318641595954499,0.30025287462185585,0.18979811668395996,8.22429771782351,2.368238489429627,0.3078829157756728,0.3651721477508545,4.878430776160775,1.7071508029924276,0.22096079896590656,0.6281659603118896,4.7086111511150825,1.6919860766406771,0.21730354999813872,0.7960748672485352,4.507987423577649,1.676320727837144,0.21514667689374922
3,0.033980369567871094,2.4248916675143954,1.4038262006913085,0.18846973510659126,0.0902562141418457,1.6287013771573333,1.0361621838725252,0.15788205939286915,0.19778800010681152,3.7999365100282128,1.573774838978191,0.23423329507969998,0.35802507400512695,2.6208985202674873,1.267917980958949,0.16525338201026873,0.8134410381317139,1.8874178330485418,1.022144872908508,0.13480415388509925,1.1688590049743652,2.5060883996564374,1.1753845281294342,0.1582711480532371
3,0.03538084030151367,21.83824859028232,3.5827290090738853,0.20139023612661588,0.08366203308105469,15.644231684526106,2.8101713916620037,0.15819458512250864,0.17694592475891113,16.62275157946472,2.843045301257974,0.15953329276472636,0.28998494148254395,16.380523319641547,2.8271408734817007,0.15811170521213533,0.7821700572967529,10.146224266447184,2.2868853952680386,0.1286956704946522,1.1192491054534912,8.901043796754971,2.061608914677278,0.11672816368509453
3,0.03656005859375,15.448828491664536,3.2554311732005807,0.3372865798828917,0.10067987442016602,18.20918556287119,3.52012076183191,0.3779059009022773,0.2093818187713623,9.792903259647055,2.3828255139570635,0.28248711356088724,0.3481130599975586,7.891962477937217,2.2627001829298417,0.2505339184096365,0.8350129127502441,15.42985925194062,3.382537723090285,0.3444055337870717,1.1340126991271973,14.682526916951197,3.4685048560132747,0.29003457016644724
3,0.03721880912780762,4.628368296705759,1.6005195745613559,0.08902088700173043,0.10404491424560547,2.443364463222116,1.2605226109265537,0.08341221567653061,0.21252989768981934,1.5395477258725458,0.9261136453708608,0.05537970696891568,0.36162686347961426,1.6821033717178437,1.0003314996670132,0.059168014359894334,0.8784294128417969,4.013677418137811,1.500381695511638,0.08513839517294546,1.2491950988769531,4.734144880245672,1.624103569054323,0.09236003417533846
3,0.03533506393432617,4.383523650795922,1.6604046203324205,0.25128376019921933,0.0837559700012207,4.80917130412425,1.8897927000616879,0.3186682819496671,0.1757798194885254,2.6211183741316826,1.2917808396019461,0.19693809122575245,0.27948689460754395,2.2768130599787173,1.166638188832986,0.1805199614151808,0.6939487457275391,4.306356139138473,1.7293141850750846,0.29743442667258785,1.043534755706787,3.9364692958043475,1.6822556207351833,0.2884555706701731
4,0.05199694633483887,17.937677253441787,3.437558418109004,0.1746307911482815,0.17712092399597168,20.041324870464482,3.42741563553003,0.16704319020070577,0.4299750328063965,12.406406545060483,2.719525266697854,0.13750294513546654,0.7911648750305176,22.37091564780174,4.106998555895282,0.25347413770581206,1.8416900634765625,29.283252324042923,4.801393693672133,0.30744118798657766,2.5063412189483643,27.99643023892393,4.690642000553793,0.3002441870685563
4,0.05495190620422363,7.592908115097693,2.367557513694985,0.15719999052017916,0.19453907012939453,14.297050802430652,3.0475359129180286,0.18398857571561555,0.44237399101257324,11.121506133454838,2.726827158099938,0.1696312472800753,0.7850522994995117,10.682264256957845,2.6883127014676744,0.16831165140508686,1.8651020526885986,6.571279083606282,1.8689364582568893,0.11647666496743896,2.4725699424743652,6.059949594929923,1.8359892422592534,0.1151914278447414
4,0.04468512535095215,43.70075002365201,5.640290435364449,0.27131640439295984,0.15836119651794434,22.410589922540584,4.275220782299427,0.21398274366695458,0.40002012252807617,20.567155983600518,3.8631204693407626,0.19015421458526338,0.7571001052856445,23.767529274643227,4.148327103300939,0.20677647490893616,1.7774772644042969,25.0391592672367,4.317106840472737,0.21220173465923878,2.4474520683288574,24.806011919882135,4.36038806481746,0.21462193902664395
4,0.052073001861572266,8.40316512462491,2.4260144917547084,0.15529966519544822,0.15627503395080566,15.690020293857138,3.5167925208326203,0.23057484565053477,0.3312258720397949,16.750708717426562,3.654334261882459,0.23825173519511403,0.5919740200042725,16.821092639605972,3.6932361464605763,0.24145899410885666,1.367365837097168,21.791121324108143,4.249142849330047,0.2796325143844644,1.8264410495758057,16.662042655462468,3.6452345182649992,0.23778546617397764
4,0.04826784133911133,17.627192045586725,3.2856716723981374,0.21482232687959277,0.18094301223754883,8.067129577770523,2.3467171939237574,0.184318525324448,0.3943359851837158,11.77045844246282,3.030726566667836,0.22162475262253234,0.6787083148956299,13.12634927281188,3.101179184021261,0.23456141418432397,1.5159261226654053,12.648667705806579,2.9463474972305677,0.22324828962849522,2.0919721126556396,19.596084816386647,3.7697054817266715,0.27075109282964127
4,0.045156002044677734,7.5035037827790205,2.298988547811281,0.458130173720151,0.15791988372802734,3.689159812012449,1.5427309273849963,0.27870623837981007,0.35353684425354004,3.983717975725193,1.6228814459066385,0.290727425577294,0.657451868057251,3.228602040559174,1.4741895768864601,0.28178597594275306,1.4226481914520264,4.439078549394577,1.6899230048761706,0.31952460649820147,2.024930000305176,4.496739130552636,1.7440763084902544,0.3417914771271837
4,0.047898054122924805,9.97121821717449,2.7686507193294108,0.1799603336442486,0.15508079528808594,16.92913230762394,3.6939458295584537,0.24239369060098792,0.32281994819641113,20.00388492251449,4.05419362758276,0.2666522199487394,0.5947408676147461,36.48856436139056,5.5557203155310075,0.3676547798246094,1.3538479804992676,37.30950098479849,5.717390976238015,0.38062480754521905,1.7781920433044434,20.033879855370802,4.022841266398738,0.26412337432546446
4,0.05025196075439453,8.529056587533672,2.5120594772653124,0.20504012454273612,0.1728811264038086,4.793591249791606,1.855930581161805,0.14412947950381386,0.41585397720336914,3.307365836286627,1.5517248138272148,0.12280905305771606,0.7203242778778076,3.46961539791149,1.623925091212242,0.12806320929131465,1.6706748008728027,6.734247370315934,2.174700354029147,0.17130896252415648,2.2485949993133545,3.8090044920866197,1.6574819619476544,0.13362572375196172
4,0.05456709861755371,56.54181247000289,6.214622629986949,0.2802973210979976,0.16504597663879395,52.1532958352362,6.102891703477585,0.28700646696738974,0.37863898277282715,57.99174695133258,6.414875430845439,0.2991696218707432,0.6331338882446289,60.38273984995205,6.530906273475613,0.3019624098953007,1.474158763885498,68.08354878993774,6.959014311359284,0.32051163609888783,2.519861936569214,67.58077466790455,6.922020333997849,0.31984238916389823
4,0.047878265380859375,22.02255865340956,3.761970457156336,0.20981801315698137,0.18967199325561523,14.993657117331525,3.209664246594688,0.1798519482494507,0.4258558750152588,33.04792025858142,4.931958065200341,0.2827919779969388,0.7466630935668945,25.731297503315133,4.304724530601024,0.24384818116407203,1.6754651069641113,31.11624578979409,4.674513062730548,0.26256862906327577,2.34562087059021,14.325598051581608,3.1529126334388984,0.18440458437119234
4,0.05074000358581543,31.409974235754106,4.298771522075552,0.25242923951450136,0.19765186309814453,21.857216863200623,3.9682027911894644,0.3028267019301496,0.3968207836151123,13.430142423589375,2.8311259976062284,0.17571135121934134,0.7083611488342285,12.528180350397522,2.7534598042231266,0.1822645877528275,1.518728256225586,25.31712340400973,4.153008551653339,0.2830453072565601,2.1135780811309814,23.295213466264528,3.6826067971612466,0.2144698261756145
4,0.05063295364379883,2.743320366495334,1.256650583104042,0.10629587398382473,0.14333891868591309,6.576261946674297,2.216393681388643,0.17250705669037983,0.28464198112487793,8.316270614058885,2.505092830458536,0.19807215482358576,0.5327160358428955,9.051066583135293,2.6068159711885355,0.20526536441033305,1.1005098819732666,6.327514254984375,1.9488992154423868,0.17170803847077756,1.4284117221832275,8.248320567821409,2.4518245140887456,0.19060697786497635
4,0.045185089111328125,4.028061222524708,1.584775317587221,0.12018222358193799,0.15874910354614258,2.513888770999445,1.3003158351058886,0.10014403508642451,0.358447790145874,1.3919736144587003,0.9226227973533341,0.07191099522685666,0.6552388668060303,2.636306766253075,1.3013290219349163,0.10465167441479978,1.6169211864471436,4.317496401280267,1.8449502787827683,0.15213009376375275,2.1778931617736816,2.297554514393042,1.1947463761396555,0.1011305803089491
4,0.05254197120666504,2.68999784825557,1.3439781552506258,0.08670675983005066,0.17521166801452637,2.769057478656626,1.4059193432293797,0.08845371760330845,0.38405513763427734,3.1466220651593226,1.396767757240844,0.08546674733783662,0.7641808986663818,2.8280000064853215,1.26682495358041,0.07707682198832827,1.8631360530853271,33.01893763646722,5.278578650686715,0.33478986510456377,2.5393080711364746,33.47487996024144,5.320615059417322,0.33800391693494575
4,0.04823613166809082,2.9539166455749757,1.3791052023665487,0.1102012275638567,0.13652801513671875,5.929390552388426,2.103394668781083,0.16625009023337264,0.2997009754180908,7.078284780610923,2.3285597582616195,0.18675842903002635,0.5435960292816162,7.520383318836804,2.3505239464664607,0.18793168124724494,1.0391888618469238,6.189305771269126,1.8133234506450835,0.16102938076763398,1.4256341457366943,5.067474665667334,1.7364064776498622,0.13725995959191178
4,0.046813011169433594,20.302248294168844,3.4590299086758525,0.19206719272220996,0.18162107467651367,9.793016289804818,2.501654355858943,0.1563482066063441,0.41452693939208984,5.29389691639603,1.7939582952394677,0.10759213183879908,0.757554292678833,6.010158974979473,1.9892043724548953,0.12105238517419292,1.6993191242218018,16.12003077559295,3.178027605384054,0.1820023343284367,2.280850887298584,20.32771774975632,3.519307881328379,0.19802443260277194
4,0.05066871643066406,8.05907292749235,2.0880225756837247,0.14457016125583846,0.16166305541992188,4.850483308874619,1.7317683312738754,0.12201374935356324,0.3481018543243408,4.818466987341211,1.7166370022599706,0.12082075846996643,0.6685018539428711,5.684652635000712,1.6678540093236525,0.11072179214717119,1.6897692680358887,22.678101645300526,3.2237100135077306,0.27426737531346285,2.413222312927246,16.607346858262602,2.737612128566204,0.23345189541887598
4,0.05000925064086914,18.32960976272904,3.6618611127134995,0.2252712437704356,0.16845321655273438,13.405536266989017,3.218024473424378,0.17632603953510795,0.3933241367340088,5.4160841761382015,1.9260987601665107,0.10690636306603518,0.772162914276123,4.454915641038792,1.743720816424952,0.10471280932897986,1.8688240051269531,6.89704085208398,2.1990208694579327,0.12529631237460664,2.5518639087677,5.721207094164957,2.0140829876619013,0.1190709210681213
4,0.04541897773742676,2.6953547289513318,1.2950860661038577,0.10805692872192844,0.1359848976135254,1.4817560535385847,0.9207392703232999,0.08474286863486191,0.3387148380279541,2.0469277149427714,1.152167353231973,0.10088729162749244,0.6379621028900146,3.3211495884866005,1.4667370052641233,0.1395836471112004,1.464846134185791,5.37992412397983,2.0158967623847865,0.17406686413875402,2.004189968109131,12.709817858182328,3.1659546255009476,0.2697036959302379
4,0.047979116439819336,6.105378672813377,2.0496867881285197,0.18954140201482675,0.16552090644836426,5.605217006800245,1.973652176392947,0.18283478269338482,0.3594489097595215,6.2031055243624005,2.0217922496436045,0.19137314797998473,0.6757190227508545,7.427982650817484,2.1812877065633534,0.2089896630796908,1.5970790386199951,6.038004354236432,1.9513209046293394,0.18424197341995438,2.1438169479370117,4.770532788021202,1.7576255249203177,0.15917224403205357
5,0.0677340030670166,8.839050292095632,2.628540106816439,0.24031324304755966,0.24997615814208984,5.711664064830197,1.9236263979301735,0.16981983937045975,0.6005089282989502,4.638260520265618,1.666379049161357,0.1515755715103677,1.2395141124725342,4.105252827339858,1.598219049617948,0.14293445746371422,3.205288887023926,114.71047579635758,9.671331917764311,0.8750017764382059,4.387713193893433,63.8538020792129,7.293270813079357,0.6593142860135455
5,0.06183600425720215,17.94224970686115,3.1514116187426584,0.17236534620608363,0.27282094955444336,22.150409304624723,3.450070601277292,0.18205283457157592,0.7469909191131592,22.241197845649193,3.584974294810989,0.19716447468219814,1.3153939247131348,18.264541959122877,3.0422510662968194,0.16544841391762394,2.9496467113494873,14.927211638239989,2.6441916977764346,0.14383975366718477,3.9645628929138184,14.101078475994873,2.594000849667244,0.14082433648302176
5,0.06183290481567383,1.7804080768407502,0.9778413746252083,0.10409698537543237,0.24726080894470215,1.9563073239308362,1.1095523602545392,0.12259928638572311,0.580672025680542,2.42367856270416,1.277638098875876,0.13512055882597193,1.1042420864105225,2.085602656627856,1.061442758172641,0.11624946510384865,2.618781089782715,2.7004375578194497,1.2538345893145773,0.1400397327494923,3.661719799041748,1.8890985805916038,1.0140370170092594,0.11163500565395866
5,0.06611490249633789,2.232556943700774,1.2531951855013053,0.15569773819174929,0.2310631275177002,3.421451462297141,1.4949333338770858,0.18572671919681902,0.5426888465881348,4.05591089138538,1.6032172066300858,0.1997481843215095,1.0429770946502686,5.030963272999833,1.7593311826216145,0.2197091613919423,2.6189212799072266,4.5463875960888425,1.8178278801816623,0.2232125479967702,3.58412504196167,6.022621955333506,2.113065407026142,0.26361263173101296
5,0.07171392440795898,23.958909118137804,4.2699693547872055,0.3669109301773568,0.3254399299621582,75.86007913066736,8.18891333203859,0.6595756033104654,0.784351110458374,28.790634298763017,5.050608221582949,0.3974070489980718,1.4157638549804688,27.818175837633095,4.871303383027468,0.38280090844149745,3.417083978652954,19.452345088771562,3.879710617493822,0.30480469133629584,4.693376064300537,33.05067542789497,5.0124339454353395,0.3926918144700559
5,0.06379914283752441,6.5330433879914755,1.981444548287491,0.12893456085142507,0.31665492057800293,55.53242650259161,7.151880251905047,0.5288662490804626,0.7809841632843018,5.489903690691332,1.898394488464482,0.14398579795861483,1.4044649600982666,1.9199828833678974,1.0830844704465292,0.0759366271316068,3.2142181396484375,5.4388600806820815,1.952410031616102,0.14539716993600585,4.402320861816406,13.994019806353446,3.1587433581848794,0.22631777086454422
5,0.06118321418762207,12.7865465289764,2.5719822685503035,0.16613566158731052,0.2535982131958008,4.00049482108573,1.603307281606918,0.11524463506303459,0.6236343383789062,4.725277379272608,1.6963843070781885,0.11809491074551522,1.2483811378479004,38.23417648174434,5.140429574070764,0.420034618378238,3.1424379348754883,34.22514368487354,4.349710594349178,0.36103226364332014,4.364116907119751,30.421450129009273,3.8966532313258693,0.3284600269911413
5,0.06377482414245605,5.873987430801512,2.23494288538925,0.13370996771470448,0.2890501022338867,12.475003939561875,2.9883464107714723,0.1766770711257443,0.7062442302703857,13.467778674786677,3.0903638357480596,0.18331458883150586,1.3969721794128418,11.7228108691728,2.916595738807282,0.17285849168138132,3.43611478805542,3.1426190672682686,1.3192296046855152,0.07864829494129415,4.525794744491577,3.1360074223002177,1.3897144708279086,0.08242550474756533
5,0.06645083427429199,2.611577118458888,1.1755554511456756,0.07004085270637202,0.25955986976623535,3.0074589647252696,1.3809262756931142,0.08531078573131307,0.6991400718688965,4.5373897705676125,1.714500633681916,0.10522056166954694,1.369053840637207,3.5693619248397814,1.4933688374998155,0.0965598282081323,2.9831058979034424,4.416153835433047,1.6806598649250626,0.11074444022199377,4.018725872039795,4.947943620898983,1.7342790787794016,0.11307633688629207
5,0.06476497650146484,9.73241189006138,2.2104983966649843,0.15692634748969467,0.27661991119384766,7.526810216582152,2.3127595624621518,0.1748742979459967,0.6666827201843262,5.184406995265602,1.7124722890486808,0.12318643547773742,1.2098429203033447,4.711261925898275,1.7667312500764423,0.13615448204667763,2.2569007873535156,8.502521049319531,2.4351667617802546,0.18977549667008792,2.6722042560577393,9.091189525688659,2.5617799866637987,0.2002132519236912
5,0.06756305694580078,9.410910172199314,2.525285282378399,0.17443736080207045,0.3022921085357666,5.229280196530192,1.8926634253133365,0.11546105523239328,0.7394537925720215,4.074634245017519,1.6997450706700892,0.11252021876563734,1.3139290809631348,4.704377070481162,1.8376546001879808,0.11821942312844212,3.14624285697937,3.391997690774457,1.603423513178952,0.1027159401728923,4.33843994140625,4.389868273001722,1.7296154310554026,0.10746236672485934
5,0.06904387474060059,20.522075602675447,3.7740244017320324,0.1767471065051742,0.31055712699890137,36.78620415663726,5.2213802240252525,0.24582032826852912,0.8101058006286621,30.400416288694455,4.68734854296294,0.22538611750157939,1.468005895614624,26.755776147216856,4.680128734787053,0.23280589835953805,3.379526138305664,28.572204940678514,4.777550053031027,0.23614893603336437,4.6438069343566895,26.54464715310743,4.684983320184457,0.2341715515563843
5,0.06681489944458008,23.30293193766488,4.140729459092237,0.3381646407511251,0.2846519947052002,10.271676173939579,2.602407624315735,0.1999815298299423,0.6682369709014893,10.64117448122937,2.6400859816902154,0.19331508581345686,1.1664910316467285,9.446423744340912,2.4588558953722006,0.18646579741012773,2.7964019775390625,13.007193956853312,2.9118768481263526,0.2157627224032663,3.804989814758301,13.564455397604082,2.9573018183180038,0.21671475711016075
5,0.06596589088439941,15.464619041016908,3.4702437447534575,0.28972063365941353,0.342393159866333,64.94094773173678,7.219014161687206,0.5637797984017058,0.7815418243408203,60.88058015077841,7.0185345775553625,0.5456253986687708,1.4353759288787842,46.72164668845304,6.584869008144379,0.5041491842722412,3.1798388957977295,42.63853348873975,6.217325922743358,0.47874576297118415,4.467693090438843,44.04721193990618,6.316853923102566,0.48638460960365165
5,0.06065201759338379,2.1500154178549447,1.192725120356676,0.09334335863002195,0.27350282669067383,4.612828873769128,1.7429734555776035,0.12917777707328565,0.6354761123657227,6.926709579118807,2.2353134710035953,0.1672720098295131,1.219770908355713,6.411253336393712,2.176443504532179,0.16390798180007782,2.9138619899749756,7.997203408096128,2.4238295205178138,0.18318129897012808,4.120439052581787,7.061601429440968,2.292382284749776,0.1713171607166948
5,0.061585187911987305,5.462715466820384,1.8734687529786054,0.1779622622715882,0.29192185401916504,4.5701625409132784,1.8443874356996208,0.18902673775806547,0.6561300754547119,4.930497176439951,1.8243385255642817,0.17130731884359654,1.170074701309204,11.367175500042174,3.0660647703216557,0.2655342694203753,2.6177451610565186,9.307542118376423,2.727286846121347,0.24166630814754134,3.4646048545837402,8.660770506397736,2.471961609307529,0.21731823462034663
5,0.06057119369506836,2.2214319112373775,1.189105830455226,0.11681410111774634,0.23546314239501953,2.9989999175967275,1.4467895662984172,0.14267947721924049,0.618211030960083,2.278985770177358,1.2807167676560876,0.1251484874476147,1.088973045349121,1.9986126502644774,1.1543072979668367,0.11958432433072703,2.6247620582580566,7.302410447273943,2.3120953813679486,0.2357544265221451,3.7696080207824707,7.476959397671367,2.410845366075961,0.263019238370301
5,0.0620579719543457,11.991110681861816,2.9285331228364044,0.2054745682055912,0.27677369117736816,13.515364195620652,3.3667193325882123,0.23186670115475652,0.7187788486480713,13.723641752383044,3.164099316544952,0.22186443413695206,1.3865818977355957,11.787638070156037,2.9747703681066064,0.20007952781953958,3.1922221183776855,13.695080765198929,3.128487161003876,0.1973780064500324,4.656141996383667,13.59181522486432,3.159518329343073,0.20153016076041952
5,0.06623172760009766,10.520255591736287,2.877608031567158,0.46461067105407117,0.2704329490661621,10.181235420246676,2.7667699625675186,0.42824215845791913,0.661811113357544,18.63482611120996,4.00041926910895,0.6036054625615288,1.2815508842468262,10.520074417325846,2.7444631940836794,0.4172108828747986,3.415513038635254,30.323874092755727,4.857317069264796,0.745836460039064,4.560306072235107,38.53223639817491,5.603049612291754,0.8535433757330274
5,0.06826901435852051,17.337345934035795,3.2982777955158356,0.2168505860544886,0.2645139694213867,24.271957863373153,3.77025132955353,0.23597458769160362,0.6917881965637207,22.33322896196986,3.5342525951877577,0.2183102300365191,1.402479887008667,15.9547347110097,3.0137039472232066,0.1948266103423887,2.9956769943237305,22.068903630564538,3.504131759683558,0.21930362736389714,4.179492235183716,10.596594489230332,2.773997719902756,0.19929616815380072
6,0.08243989944458008,44.9482885333571,5.416637678069075,0.22540458580837516,0.468670129776001,38.141525649201625,4.8021699709552035,0.19612532485740314,1.3465170860290527,42.415594227627054,5.057931982953813,0.204519575784822,2.471184253692627,45.56964795447354,5.495634784573664,0.22853386954005186,5.687218904495239,65.5400966093613,6.554450138742109,0.2717225040798678,7.764163017272949,63.08292083546318,6.378075735313301,0.2625913480557972
6,0.07805180549621582,11.665044294596218,2.523613674945295,0.2610160707880242,0.3760039806365967,9.086761245167674,2.0860611287602526,0.2209019255405011,1.010094165802002,9.43065416404725,2.1510719036063843,0.23079555556413642,1.9363970756530762,10.06416156039376,2.2428018796866573,0.23807376152470683,4.479870080947876,10.797941152660592,2.2994778363942054,0.23988410880724625,6.227602005004883,10.69518254900924,2.2393721167851997,0.23046134352533976
6,0.07720017433166504,18.78882932461477,3.3384391199743746,0.1778054197209557,0.3803882598876953,7.151223416651555,2.134817570810342,0.11866761755426403,1.0283119678497314,7.327485065083467,2.0934928964152473,0.11869536190503088,1.9620931148529053,8.707848741378564,2.3393750978958314,0.13591193064210794,4.81017804145813,11.082485734798919,2.8192894604107632,0.16579882664695864,6.5358030796051025,8.825676841853824,2.425058338750768,0.139243909638149
6,0.09195375442504883,23.938448462518053,3.9986501689019573,0.19187237221780704,0.5255160331726074,34.295028832059835,4.968703441073604,0.24304357167682106,1.3937900066375732,18.703475784722585,3.628629496382056,0.18183823060486712,2.4735989570617676,18.791268226451425,3.8652023651061915,0.19737099722371015,5.845998048782349,20.800887885413868,3.8409059140163344,0.19179086395024803,7.70044207572937,21.178120511057344,3.9271543841148215,0.1957092221374342
6,0.08803796768188477,14.124463978477186,2.733517509789964,0.17981469569356248,0.4529690742492676,6.593103726268129,1.8296414684837399,0.12649045597082387,1.1428661346435547,6.4387590378632265,1.8529724968809564,0.13183588140860422,2.108170986175537,5.799217997149106,1.8548999688633028,0.14009577241511653,4.851304292678833,5.224465650162537,1.842413303955635,0.13512589556063617,6.772207021713257,9.885686694194266,2.5245488804535907,0.18180738706679048
6,0.08372211456298828,23.21486589100473,3.715244680764898,0.20647354953776476,0.5239412784576416,15.201784736486907,2.9592973786074075,0.21125535986827434,1.326467752456665,15.406984244062508,3.0637743624481306,0.21648014757473436,2.6686999797821045,13.958673582786624,2.938145415308818,0.2034147293516294,5.553498983383179,17.145371020666275,3.27820188324226,0.23068074087972384,7.404910087585449,7.932842525940507,2.4052875245951797,0.14605627098287532
6,0.07889318466186523,17.204970398799176,3.3152984994813464,0.22838445060895163,0.38745594024658203,21.605774740175768,3.3864626062831795,0.21229210223046274,1.0542559623718262,21.87464431194755,3.3415523071543882,0.20630197835443403,2.0840280055999756,11.023830686454634,2.5066765635099983,0.1676796311337589,4.58586311340332,7.2096309082421,2.2805705464362003,0.19444056366416138,6.411299228668213,8.494920425375248,2.454366988775551,0.19519704120686981
6,0.07372403144836426,13.63488157108189,2.8899098569741466,0.16960285402186168,0.39984893798828125,5.689274465571456,1.798250142080295,0.1089424253076919,1.0711779594421387,5.589392880669231,1.7275294570137765,0.10411635774294128,2.1695051193237305,5.133640285531096,1.691925782508722,0.09944482083608339,4.77278995513916,9.348287234077995,2.5106908242707586,0.1604416246479238,6.6764442920684814,21.33274190638513,3.7683281050698207,0.25695155617718757
6,0.08170199394226074,11.36838992219916,2.7507617097576738,0.16200528997252098,0.44144392013549805,6.917227045861313,2.200339721819759,0.13602646035187896,0.9489820003509521,15.503948160841341,2.999242438110565,0.16381542221598788,1.756850242614746,9.578472395625333,2.367297034147312,0.13253988786442109,4.593044996261597,10.498380726087031,2.568469850425287,0.1443349230014668,6.6096510887146,11.178054795790306,2.632745803235839,0.1461651583802449
6,0.07809019088745117,2.5094914197216975,1.188902776576895,0.14751046812118618,0.38047003746032715,2.801390229096082,1.3522246328005565,0.1795280827842258,1.0785739421844482,3.4614429353678506,1.565481827474522,0.20490185927620452,1.8783049583435059,3.2539864641235687,1.569283154765714,0.2032197797301224,4.2650229930877686,2.6254705316169002,1.3845618512592444,0.1754668253247611,5.792333126068115,3.451378319932358,1.5872574721594988,0.20396438950065568
6,0.08813691139221191,13.690502948250948,3.130036897987421,0.1997205478754275,0.43946027755737305,7.642081886988347,2.3546120854470445,0.1439423778234584,0.9943280220031738,12.99305512600465,2.997428463537403,0.1695286699828813,1.7969295978546143,12.048632837660291,3.011593048890128,0.17535395391625286,4.437050104141235,9.037260585521814,2.6430513007656415,0.1655194770996987,6.515314340591431,9.292177943305818,2.675987561768104,0.16611223030830422
6,0.07908296585083008,3.1925485425554245,1.4163184306836167,0.14730399586614606,0.36575913429260254,5.311096769102804,2.0297381185224963,0.22627580463872235,0.866549015045166,4.486048796383596,1.8590653061759939,0.2064856346089231,1.7802739143371582,6.404757493046634,2.223202288051313,0.24875114298454992,4.4983861446380615,3.8417177221249066,1.687652645325164,0.18538285768767285,6.085425853729248,4.084886837941395,1.8043376431493678,0.19932036060548566
6,0.08118414878845215,2.5165526780466623,1.3379057970496835,0.21045024295894052,0.401749849319458,7.790528921618384,2.293138191850264,0.34986716075060936,1.0418870449066162,6.969110918604401,2.0934779675765043,0.3219757842860339,2.1022768020629883,6.274413278791932,1.949985808596252,0.30333148566683676,4.99052882194519,10.26250247883981,2.5726322846655667,0.4079681278008888,6.892590045928955,8.947257464809708,2.4083235611488596,0.3769462153302939
6,0.0776519775390625,21.411673844932118,3.874534959389822,0.23988696553931113,0.4466409683227539,22.158065188719565,4.192668048385402,0.2954249572613066,1.037541151046753,10.508099172125782,2.5303621871229662,0.15303171687739997,2.0273959636688232,15.683886551086873,2.9055520422923795,0.16091528162114355,4.5921409130096436,14.327358568964112,2.830418559098532,0.16189836248844963,6.623213052749634,7.129784889258365,2.279669692586548,0.1524113312859037
6,0.06611084938049316,4.620245144790294,1.7046463039275617,0.15945380432040665,0.34665393829345703,14.769717790717412,3.3687021502246193,0.27275006158059817,0.922767162322998,16.405293200712205,3.293125748401101,0.26522207097474054,1.8576109409332275,16.251870921868136,3.250556729347593,0.2594945176001663,4.411203145980835,19.169910383339644,3.5600572504546073,0.28434600548683847,6.2762110233306885,16.377897000615324,3.2834553556141426,0.26036868668097024
6,0.08243203163146973,20.90133390117939,3.7677471999644894,0.23023887680401714,0.4473299980163574,23.290342126081217,4.250546495387472,0.3051495275530322,1.0469858646392822,11.155997921088012,2.6071610486336505,0.15266603351508737,2.0244641304016113,16.83677727349771,2.929577295456946,0.15822467892489384,4.600817918777466,14.49301801381962,2.878472986898621,0.1631601611440155,6.621396064758301,9.186178539754195,2.5098694721166064,0.15619279221618376
6,0.08894991874694824,12.672685238949883,2.7620289717910556,0.183407092077249,0.4954240322113037,12.415603991772185,2.7987937665404834,0.17207873460485612,1.2573189735412598,34.490674640277035,5.091373573738829,0.3249102116419601,2.289090156555176,8.310580346765375,2.3936378673220005,0.14748831830617432,5.32234001159668,18.00497235367648,3.4515445440295034,0.21081636762572098,7.346461296081543,16.807506674215205,3.3446607895784215,0.20315944702968322
6,0.0790550708770752,5.357535251268178,2.0262318612056536,0.19011009177415572,0.37767887115478516,4.1110181552388205,1.7834137539852084,0.1649086314868494,0.9588077068328857,3.059962000690953,1.4379385542557022,0.12588748054060306,1.8088490962982178,3.655570782780506,1.500763149524113,0.12268218021441396,4.573041200637817,6.598965812589729,2.048059756407623,0.1816055541796174,6.318565845489502,13.348972141180445,3.120104218906785,0.273865678825854
6,0.08151388168334961,9.940822952495434,2.603500423417672,0.2700559379624672,0.4148380756378174,15.205369148735011,3.1274160426653097,0.33716765042945157,1.0487678050994873,13.027386113263317,2.9361371332020214,0.3093182035092669,1.9872503280639648,15.145268207832126,3.1866493530457545,0.34061597954191647,4.4539408683776855,6.623455056519005,2.1478024537420293,0.21834776073676676,6.228205680847168,7.037589855846103,2.202754791859557,0.23405705471474786
6,0.07665801048278809,17.743272351034673,3.1384947111071217,0.13986374631254742,0.42902708053588867,6.358311436210865,1.892882186886553,0.09057514524375429,1.1211118698120117,5.436250333012543,1.8476587045895698,0.09642432262295111,2.17543888092041,4.612566546353032,1.764002228710113,0.09161025871401142,5.38863205909729,4.6879774970731525,1.7770734084821005,0.09492401778043792,7.599398851394653,13.955856608313974,2.7322400092055736,0.14937707966174457
7,0.10957598686218262,7.547416467703174,2.3634547587386354,0.2439698726553822,0.6254448890686035,7.622302351883967,2.4490881458493114,0.24709433329920355,1.5778989791870117,7.8900462539401595,2.4068385777618664,0.24449511077986483,2.7988619804382324,6.520975623000267,2.073966574920077,0.21113547163912497,7.055798053741455,3.3544569909192834,1.489421834187091,0.144414369756822,9.350581169128418,4.588415586095344,1.7831062726605669,0.1691693434007062
7,0.08972382545471191,10.373850078003844,2.8929761848946662,0.3389509109954802,0.5072109699249268,9.232371929790986,2.7556504299184565,0.3125887622627105,1.417778730392456,9.877311927879745,2.8523350088057584,0.3257084334772708,2.8260281085968018,9.841385203562519,2.831203368534971,0.32460747405438783,6.880527973175049,9.743576332751926,2.811390742743287,0.32400060833518635,9.796337842941284,10.455024809790123,2.879141943455881,0.33135324700909896
7,0.10465097427368164,21.59066855336128,4.104534396567532,0.25287944000938106,0.7998929023742676,14.37794086854186,3.4057936130410065,0.20633401158097892,1.9415371417999268,12.241771984793807,3.1342603470773556,0.1853548980775861,3.6549770832061768,23.183417856148647,4.197815071484809,0.24581625445178418,8.331589937210083,21.871997827895786,4.200302979456643,0.246416150449465,11.435023784637451,22.999493755930366,4.303460317744837,0.2521987667439034
7,0.10662293434143066,8.164439231996425,2.5304048009023243,0.1540284397532727,0.7249560356140137,10.990464832959224,2.8324425046561816,0.17181984685794396,1.9624300003051758,5.29254853923825,1.764515257924621,0.10416150257597336,3.4371511936187744,4.9955648800832835,1.7515710241170133,0.10478609165057842,7.870741128921509,6.613650890566941,2.1457662793089076,0.12751487460457517,10.976076126098633,8.536120540254233,2.3796631503797117,0.14113877317549672
7,0.10163402557373047,6.374508523003778,1.987255384690016,0.12550516949165166,0.6458909511566162,4.256351870731085,1.5410790888705972,0.10776381240866281,1.8870368003845215,3.9111587373792185,1.4515201590376303,0.10193925630872962,3.371521234512329,8.253847232294051,2.2320406186782793,0.15800706418797134,7.408820867538452,4.742878825370877,1.7782710752783468,0.12492300420953702,10.34865117073059,6.415872750640581,1.9462548552869883,0.12952363731993252
7,0.10396695137023926,4.1886487017740075,1.7466356293956158,0.2068616947148423,0.5810129642486572,3.3415975002843883,1.5391656720172322,0.19274567552191452,1.4577701091766357,4.489412505830539,1.83807653140523,0.23193918498130042,2.8836240768432617,7.617417046796091,2.3771876992122016,0.30231076708005156,6.918489933013916,3.1240532907720726,1.482321531504583,0.16768966747561487,9.955883979797363,4.404254219142947,1.7494069130647447,0.2002621104535814
7,0.10404777526855469,10.37163558649709,2.338972935208824,0.16127768603757073,0.5719339847564697,8.100519079133806,1.9859638271171047,0.13672203188831858,1.6718060970306396,11.21139648858873,2.2104637921858803,0.14576759394256178,3.1551148891448975,11.963014671529567,2.295229723553099,0.1507883652646229,7.414523124694824,10.001388024516567,2.2853284824763933,0.15637580452236005,9.718968152999878,8.382273110560028,2.192004138005254,0.15524096167186363
7,0.10418510437011719,19.852540249602118,3.316187035375869,0.1527177649987815,0.7206878662109375,10.23538109220098,2.6776797120220044,0.1434057681776847,1.9280989170074463,10.50654281005176,2.7291965260172506,0.14576360656815032,3.6561689376831055,6.666043660988092,2.046237013278446,0.106651769884924,8.525386095046997,6.57811385074709,2.061431366449191,0.10993801356253825,13.57959508895874,5.283062973825774,1.8437771424363187,0.09942044863228483
7,0.1006169319152832,4.171641459334064,1.6222204348885174,0.2110035475650482,0.6819849014282227,6.066859235360955,2.0986957030305398,0.3291499601099212,1.7531991004943848,5.981295505000531,1.8424364289231552,0.3013683783131202,3.575291872024536,6.420575630366968,1.9784096306456616,0.3163817896455561,8.944135904312134,13.5242015782733,2.9869431190212374,0.4705095974144247,10.708826780319214,14.62975114387214,3.16063104500921,0.49359749871282166
7,0.10730290412902832,9.53562597241772,2.5770464245726274,0.21447849677432404,0.629737138748169,7.956032332806141,2.2864091965859905,0.18100368690760552,1.4664137363433838,8.504814301423668,2.1738371336167144,0.1624990613857029,2.7389943599700928,12.81404750953321,2.5293192407174176,0.17454488492891632,6.9850780963897705,9.707964811860387,2.404374750884632,0.17869179850935638,10.040857791900635,7.753077514842123,2.271118640592712,0.17953440879801755
7,0.12562203407287598,21.627118539638094,3.9282682502295256,0.25263051746626947,0.8113868236541748,19.218487491912462,3.705660309622229,0.23279279961298519,1.9617969989776611,16.959069899895866,3.609825149951676,0.23087117581985991,3.6058149337768555,11.175047220968304,2.9418933547070214,0.19581947057674964,7.417101144790649,10.112926639317939,2.496092032780806,0.14804610569125007,10.785659790039062,6.512428303350945,1.9674531375093505,0.11947952762193326
7,0.13444113731384277,17.14478610226799,3.333826243644499,0.16146603332884832,0.96024489402771,18.284800984828525,3.6496227359628954,0.17653248887853148,2.3162238597869873,27.18733404324673,4.81837122270922,0.2659419889621396,3.9736461639404297,33.206140164076885,4.864824005930253,0.2750102204734206,8.932348728179932,25.908799374012148,4.037348986624211,0.2317916963364939,12.0454421043396,26.337828956945888,4.31395901151392,0.24453669774096876
7,0.10997223854064941,11.504414041214012,2.9532169178300514,0.1645620169896091,0.6263427734375,7.627548477269288,2.210943736686646,0.10940276903731061,1.7598841190338135,8.756694606133527,2.4866226193308587,0.13050305132639034,3.402209997177124,8.742782487427249,2.5071784010666294,0.13120195559563064,8.760256052017212,10.482349433996442,2.7120062417564137,0.1350140536574204,12.807555913925171,7.680396689060628,2.1885098240268483,0.10794740598712033
7,0.10971593856811523,20.98385091225072,3.4324460975831963,0.16763493752640635,0.8372600078582764,14.276923655820388,3.032722291620639,0.16843529274234512,2.094615936279297,11.143062267289487,2.6612330308053385,0.14514840983200794,3.71830677986145,12.811360992891375,2.8915125218016025,0.16391076583423148,8.614680051803589,16.388794530114822,3.277082096584469,0.179693962509248,11.769102096557617,18.14236055633508,3.464813299660415,0.19606899960964666
7,0.12000107765197754,8.381438307496406,2.175673083472872,0.16030200909795905,0.8141450881958008,25.654527022971767,4.510397265965399,0.34593709921858606,2.1508231163024902,25.0181813410292,4.517646854073187,0.3495638995976676,3.738455057144165,26.95809428516352,4.6801464993419035,0.36075898638775633,8.205655097961426,20.065935292601775,4.031710016081513,0.31051888699937186,11.287473917007446,16.10964500758512,3.6304430284150646,0.27981291398656877
7,0.10381317138671875,11.7843931256348,2.926544586297874,0.24949777330625283,0.7302441596984863,13.318457948937102,3.040907547953616,0.26770822532950683,1.8735899925231934,6.203240857074508,2.0270307807728747,0.18368227352819314,3.3234810829162598,5.924162013247262,1.9802685542337397,0.158919998700777,7.407705783843994,7.433342145332238,2.0348054445773407,0.1452646615438294,9.652336120605469,7.624100164248187,2.126141828274227,0.1619531906917804
7,0.10868310928344727,4.684202571437273,1.6230643042862714,0.1460201545439141,0.6378397941589355,3.8076710222013723,1.6590225168862647,0.17563285898441586,1.6356029510498047,4.065550060989171,1.7106971622308145,0.1808843913496296,3.1383440494537354,1.8218576657788295,1.107675704784148,0.10846823000362875,7.376636981964111,1.7324362414877574,1.0489353640771526,0.110133211699409,10.131324052810669,2.421134693569662,1.2571914443969867,0.1337148060846506
7,0.11461806297302246,30.72754493658652,4.936339856356455,0.35726098503324,0.7559361457824707,22.94756314319873,3.7406068383752533,0.2381262349446158,1.6467478275299072,26.297702072119748,3.7450273487361714,0.22201671766441622,3.0731489658355713,21.042616190903253,3.391302557215064,0.20458530945321943,7.850358963012695,27.950515289061418,3.69707926572837,0.21277504854683227,10.572538137435913,27.943603712133,3.6177052921235666,0.2010023251350043
7,0.10628318786621094,13.053521227147458,3.1635313008239025,0.17269668315111253,0.866339921951294,4.247905044779865,1.679454311195991,0.09417025737720543,2.020364999771118,5.335606248788777,1.8148485198953064,0.10117944606584584,3.5387110710144043,4.891371994593205,1.6565351144885152,0.09286915337273015,8.541384935379028,27.483908151912242,4.301629505425716,0.2538542031154632,11.601263999938965,26.372865664308588,4.3358844080837216,0.25901064934226276
7,0.10685110092163086,1.2977131049263402,0.8780481690632078,0.06024613010604065,0.5855441093444824,2.0630076040498446,1.1715419573994486,0.07584126972927822,1.7424430847167969,2.677910017482024,1.3446422324635858,0.08808092442637448,3.5426650047302246,7.244261278797475,2.1582522219911615,0.13804275638938704,7.5433349609375,8.413270290903755,2.192200022643323,0.14856101726279375,10.892173051834106,4.661973873109949,1.621965640501379,0.11033828991892843
8,0.13451695442199707,18.334267228779094,3.491181812602252,0.2540048322277712,1.2717928886413574,13.568635536209726,2.9274598343770957,0.22315359288596745,3.0481719970703125,28.74747173789186,4.843300878136236,0.34663168688542917,5.569803953170776,23.67403382040524,3.9830564861608297,0.2631740883734095,12.51748514175415,19.15643036486342,3.8752250548839915,0.2634264601267509,16.64200711250305,20.163836140542667,4.057347835930555,0.2759290040365601
8,0.12877583503723145,7.339635955636205,2.1930763804071147,0.17288855356310603,0.9444098472595215,4.026183565077264,1.5644941535723735,0.12828279077334104,2.57769513130188,32.77336061548796,4.863426678128258,0.4042062100392562,4.937284231185913,26.86268276370077,4.355790483406701,0.36743787130450656,11.036588191986084,34.64059641134957,5.435832273155396,0.4486777396670647,14.952952146530151,16.19696039465209,3.527180802302746,0.28900485309699236
8,0.12822198867797852,5.197848335698214,1.6957262628854284,0.14830296674092047,0.7518281936645508,5.4450365214044005,1.923121709643688,0.1735221732838477,1.9195098876953125,4.778436951267995,1.7619186916578409,0.16049022415039146,3.795642137527466,4.820512770745947,1.746020996294008,0.16963649125657973,10.516259908676147,6.784788937794523,2.025784714442507,0.20055868923920697,13.085127830505371,6.5486970299901825,1.9961251808905196,0.19714266294130492
8,0.11469626426696777,8.999753386600426,2.346336273786179,0.2219086259490557,0.9038958549499512,9.341090398711321,2.4914188752667648,0.22934473274067502,2.4105567932128906,21.56595516480984,3.690773620562101,0.306792422209424,4.76746392250061,13.805010063329702,2.7754136084697465,0.24380374687819953,11.419008731842041,27.657479655455756,4.146683603432375,0.48499139081876197,15.465510129928589,8.706663561830384,2.50679131182411,0.2574129886468864
8,0.13826203346252441,6.629938616592997,2.1246962565290595,0.14820252178402002,1.0708248615264893,5.554301702263746,1.8588076102586815,0.1470759645282477,2.591568946838379,6.919364469170948,2.1657746411173817,0.16500879463447413,4.670504808425903,6.274058888322443,2.050863015659798,0.1559906189418918,10.044297218322754,11.30340050878801,2.848123917894572,0.19972802365503095,14.093411922454834,11.413918147915856,2.974176155982352,0.21148709819957903
8,0.14101600646972656,20.7801440212458,3.714101321660577,0.21400920811652435,1.2159209251403809,30.991064739081917,4.501966853079667,0.25531084536590937,2.7343478202819824,19.003113001440955,3.8770378541598967,0.2434146140566121,4.806854009628296,21.081839541945246,4.079783723806455,0.27155933932450244,11.214440822601318,21.010721002544454,4.055949757890925,0.25707140890423,15.503522634506226,19.212599829356787,3.7838418846649993,0.23838490469847776
8,0.12538385391235352,12.63407374479391,2.804106099078286,0.22012757128881907,0.9815969467163086,24.539784389766158,4.465763221889387,0.3633904179950196,2.691519021987915,24.63960624032605,4.499560391472874,0.36610737739315874,4.992609024047852,25.34417873368531,4.588757591602121,0.3747157913648149,11.334268808364868,20.277212275182702,4.1875328619384735,0.34861760208131964,15.089727878570557,18.31175717056138,3.994338699131395,0.333412615671792
8,0.10827207565307617,29.69050762951279,4.766676886025415,0.4891953851313349,0.4898672103881836,20.660431392156195,4.012803252613864,0.4133896698324541,1.2924449443817139,22.530744846164183,4.139392349599732,0.4273168738368553,2.2805140018463135,23.463795205838665,4.170113331057389,0.4294060424180566,5.185343980789185,24.257100355638993,4.245801487548593,0.4374313731859712,6.893528699874878,24.457171042710105,4.281059679126287,0.4408651788286548
8,0.12763166427612305,38.2531787398206,4.632700362719763,0.1968516242301718,1.1543521881103516,42.23158696636298,4.67914675187767,0.19498766603549603,2.8586978912353516,47.095773966676894,5.207059798796975,0.23116800129308465,5.365983009338379,27.08860747650161,3.89082870460738,0.17197622372040122,12.317699909210205,47.049413459890026,5.192273592206305,0.22863070487097895,17.160413026809692,31.675786968260145,4.034609561508498,0.17195474330564342
8,0.11667895317077637,3.3845288079129285,1.531843643334585,0.12998967104335665,0.9285449981689453,12.24833447882436,2.8126582592269878,0.22676411785701048,2.516913890838623,15.499999437342296,2.983761451732063,0.2395656153472502,4.924800872802734,12.850336901792774,2.7310264876518247,0.2225705653381568,10.864559173583984,21.716327878043405,3.908475631037722,0.35366539605479,15.345663785934448,21.52891978351629,3.8096534962371096,0.3449526850414962
8,0.11626100540161133,9.697911643685641,2.610134715907583,0.2700600491182814,1.0683200359344482,12.55911995004744,2.847278652332356,0.32465118664147513,2.6450860500335693,19.048013691523725,3.8719740141924355,0.4083740062574171,4.587534666061401,14.314012026853113,3.2699402612182578,0.3407439480476633,11.062875747680664,16.463241372273746,3.3625063059899745,0.34842385807810716,15.251943111419678,17.652336248526783,3.527293140166192,0.3766192338325817
8,0.12543272972106934,19.7667857476608,3.7626950190128614,0.3982567797719179,1.0053198337554932,17.652516476284305,3.2331754203021723,0.5286444981866106,2.656684160232544,12.604271466539258,3.1249641134526107,0.3569164995877315,4.893134117126465,10.755888227899396,2.813302171861757,0.2962399474348396,9.584856986999512,15.930117416820131,3.2665121441285705,0.5017861069835373,11.723142862319946,16.343289959238515,3.323447199225813,0.5074152223197909
8,0.22033190727233887,14.652099393480256,3.228429798467987,0.20635051257350054,1.5360240936279297,18.118147913585855,3.744603683681498,0.25550623495589625,3.255100965499878,25.565845289289353,4.505229630689242,0.3111664690495715,4.948867082595825,27.38553660349747,4.567506485487662,0.32003228643090353,13.510695219039917,22.564549704753357,4.131225802111442,0.27982741038324915,16.199959993362427,23.488508578823694,4.23903469241834,0.2875008889295562
8,0.12441515922546387,18.526854572544618,3.666634922534012,0.24647358613823847,1.0436992645263672,13.972702352325754,3.1078210548154233,0.17606482451549832,3.0665369033813477,16.97795183979342,3.4199439739529076,0.1967918097948458,5.3517210483551025,21.152849799780856,3.9472655678704434,0.23658982518446525,11.696261167526245,20.30360546634638,3.7239649466768348,0.2127415362849302,15.655204772949219,15.522369626881273,3.306422795762686,0.19045929024336605
8,0.12680292129516602,7.193144635056694,2.2242982116407757,0.20860651121792984,0.9115180969238281,6.207893586340023,2.139851682016056,0.2384931553734412,2.2517290115356445,6.403763804834902,2.1166812281653358,0.22390382655217125,4.1896679401397705,5.712442914275997,2.0222716231023967,0.22000490685309906,10.838579893112183,4.6913910531534295,1.8252617141350636,0.20577046187906958,15.182061672210693,4.891003571527257,1.8651434481566636,0.20548442920524032
8,0.13870787620544434,8.237841466101752,2.3472805486119905,0.13450255822110083,1.2452607154846191,7.78420086329212,2.112015413653754,0.12291975000852536,2.7905421257019043,5.040825734583177,1.645987429888497,0.09436168392595778,5.018218994140625,5.030847156300868,1.6186913303202435,0.0926072672023202,12.263495206832886,4.389304624567698,1.5517475922765438,0.08821587699827078,17.01150894165039,3.960047526044967,1.5118932869738444,0.0884255726875659
8,0.12357783317565918,50.34489944365936,5.599067560976146,0.22695095252825973,1.1221210956573486,39.2982749639315,4.9149657426353635,0.21005350969312767,2.7460930347442627,39.68847552721505,4.771739291409211,0.20268740361112902,5.403686761856079,42.58715988686322,5.0304547725263875,0.21431434184455855,12.08882474899292,28.982203583875947,4.103006880050368,0.1777383017093812,16.543342113494873,30.38971109404149,4.21172942459063,0.18078645864666512
8,0.13304400444030762,9.619918389943365,2.4733373149293207,0.18024404189928597,0.9185481071472168,8.678534958060329,1.9016786765356386,0.12221596499010684,2.686302900314331,12.506431965990403,2.4513027439955666,0.16196806803411407,4.791746139526367,11.021169527633859,2.342988612291207,0.15703822453654182,11.054857015609741,6.799240153662441,1.9374818627286008,0.139207772563559,14.988715171813965,7.444970521383108,2.012904238955321,0.14072606059402212
8,0.12054300308227539,7.633704576528202,2.038726022862987,0.14866472547481088,1.036391258239746,3.693546816540364,1.5668990916181462,0.11804281545150119,2.7504119873046875,3.4525246817866067,1.5429297182135266,0.12465462026036135,4.791714906692505,3.474681761689851,1.5345316964247406,0.12487407593694709,10.50311803817749,4.743276947370943,1.7937337737885437,0.14042235025160568,14.463555097579956,4.989448616642137,1.860978844148418,0.14629773115678868
8,0.1532878875732422,17.59696804430498,3.6896274526454085,0.22821149998207677,1.1945281028747559,14.852039292814618,2.7613309278032037,0.1437754663280954,2.874504327774048,13.402527600758473,2.6516840494716476,0.14029884199753626,5.25738525390625,14.5645204817813,2.9746173518647474,0.16412046297876096,12.210032939910889,13.186789553436872,2.4399082345079894,0.12514590479518214,16.689398050308228,11.78123956741279,2.3766373259746363,0.12397119889271424
9,0.14777588844299316,10.597522948192001,2.4736457674366403,0.1339872451135354,1.1715271472930908,6.000565561419928,1.9384617811470404,0.11332274084061195,3.3664588928222656,21.20319678979371,3.894602115977309,0.24035312514556886,7.1882922649383545,17.880467515330047,3.4556347035254285,0.2079659573417495,16.91890788078308,17.386029647074682,3.446153599720953,0.21390953185897768,23.347503900527954,12.567058008736005,2.9783526266241798,0.1856517905935352
9,0.15979290008544922,8.83327369088133,2.5206497880174945,0.14930938503145763,1.386847972869873,3.1086528659849755,1.3705663163826192,0.08637533361475634,3.7667951583862305,2.561121987156738,1.2237977605318742,0.07801230795523673,7.146336078643799,2.9826129449274155,1.2450228279893356,0.0795056970164189,17.891294956207275,2.288884683655343,1.154729162059651,0.07057344864449427,25.79205894470215,2.8368112162457635,1.3240368928072765,0.08021429998460432
9,0.1665658950805664,5.959217119354959,2.0700469827484635,0.2641609294458577,1.4812159538269043,4.683380920071758,1.8719149023706247,0.23094612022222474,3.830219030380249,5.041439082817095,1.8935917699454916,0.23491974125916476,6.87060022354126,8.00589808246191,2.4765266578758816,0.297587615219734,15.33548092842102,8.833230192227726,2.597531822925105,0.31615899788472496,23.78548812866211,10.170982502324442,2.8173912100495184,0.3359703928785067
9,0.17701196670532227,14.574356944548324,2.9276702210794934,0.18253832554117708,1.779999017715454,24.850757454214122,4.24654451508881,0.2864087766441525,4.034497976303101,23.481994961372905,4.011116991250474,0.2617340394744915,7.0740807056427,21.165606261994753,3.6781493351003314,0.23086785346681898,15.078751802444458,19.01898037116257,3.454455880635939,0.21227076500817144,19.648010969161987,17.66329276973526,3.315959638391113,0.2066557537051591
9,0.14118504524230957,3.955686939744866,1.6769086610300752,0.20497353867898238,1.12437105178833,4.577575173615749,1.8085353445756727,0.22816867350366313,2.994997024536133,6.724090676597258,2.2002915340562237,0.2775724304254926,5.620404005050659,7.171472862866543,2.2735006197275998,0.28721588900436096,14.147094964981079,5.3312098847416065,1.9569673059233024,0.2458533924010709,19.688316106796265,5.041010187247023,1.9206038838493695,0.2412562540071303
9,0.1446220874786377,21.99205765964943,3.2469901730091064,0.1925974697633779,1.351883888244629,10.682054965386598,2.4211734113975285,0.15013543692163261,3.658859968185425,13.325779734446572,3.0334145945351336,0.2055914173939654,6.133297920227051,12.705569166839712,2.882146584576716,0.19099652589457022,14.624459028244019,11.85250057121561,2.6611146440416493,0.1710370237615298,20.230448961257935,14.022244897330578,3.013242910323183,0.19877366084902956
9,0.17984271049499512,21.944766227211932,3.916279958572297,0.2622612053113732,1.675102949142456,13.693828107214884,3.206231927569034,0.2086080760867043,3.8846099376678467,25.657334549173836,4.302771945380034,0.28620541541973743,7.105345010757446,22.803487371417365,4.015440243771374,0.2650044203886684,16.554682731628418,22.955690591299312,4.143121840616037,0.2793842016472463,22.560059309005737,23.52575291721803,4.088051127819136,0.2706798560309467
9,0.15363001823425293,10.89991368020549,2.835311263532407,0.3116106070280867,1.5444958209991455,21.74802924403429,4.021300999842358,0.4505606975457021,2.7810542583465576,22.49455205895722,4.086000553620418,0.4580620493911894,4.406879186630249,21.079473628959068,3.9705328146271675,0.4431131546352565,8.926728963851929,5.543706852274785,1.9911683898548367,0.20429405649514326,12.173207759857178,7.536871366870964,2.400317872282748,0.25328799510467587
9,0.13450384140014648,9.297142800470722,2.379126570470358,0.1859371359748797,1.1369097232818604,4.9072943572566325,1.7125884368851625,0.13923916827573496,3.1196789741516113,10.010104355162904,2.353430232215886,0.1808201654835716,6.036518812179565,5.183990569663145,1.7647456453755095,0.13690725259523948,13.978359937667847,14.308027516761898,2.9688449234261665,0.2227234915098806,20.55162787437439,14.498851620286159,2.996134473055644,0.22529045827367714
9,0.19679474830627441,26.494653037333887,4.370507527687853,0.2636921988283886,1.396963119506836,23.098096993288713,4.0422823466829465,0.23113744155669044,3.504920244216919,21.526778744838726,3.904988591428088,0.22956243322093323,5.9945337772369385,19.867610793495395,3.7832840930537865,0.23126402277892252,14.901279926300049,21.792703497052177,3.769510671955521,0.2178902604599586,20.693825006484985,23.270938074360128,4.175410091856426,0.2658377727534631
9,0.14654207229614258,16.25266790387408,2.9716697420433955,0.1777330425696169,1.5921320915222168,16.930648638244094,3.1545249404148414,0.20297466497807526,3.8117880821228027,17.460802078238974,3.160644749742952,0.19838047517803298,6.57401704788208,19.494444566606557,3.310680147855056,0.2047939011917872,14.924288034439087,16.060071180111112,2.9728847649040464,0.18110465539282192,20.753329753875732,13.219896250065691,2.6113798372374015,0.15812439171443474
9,0.12793612480163574,3.008693454109427,1.365792441528382,0.1508857702336733,1.1195757389068604,2.6922399395458374,1.3219344659106698,0.14505186271598425,2.768388032913208,3.2153772411993886,1.4405199682173562,0.1563788403345749,5.546638011932373,4.082535353612291,1.7134354888160275,0.17227950764107258,15.787031173706055,6.150697025389303,1.7442715653520648,0.18381391903982874,22.735910892486572,15.829045934403236,3.5518402978414647,0.3724158697800475
9,0.1939070224761963,107.48089450765748,7.911415000711985,0.31956716804055535,1.8622589111328125,74.78119048620523,7.103070347858696,0.3188687849855906,4.290852785110474,75.09846719178626,7.132695320291824,0.31670446425582466,7.508717060089111,79.69006614213957,7.118250560655766,0.3038089329446827,17.682374715805054,94.6733048666126,7.9047121090300045,0.338738889410045,23.425183057785034,95.28965291686261,7.7580588116913125,0.3243511705213721
9,0.19114375114440918,23.763375753910914,4.156587296025107,0.40906289331015533,1.8436882495880127,25.974445294537123,4.253231565534077,0.3298238430385316,4.850900888442993,23.288976024759634,4.219964369806791,0.3595100614391947,7.9640889167785645,19.57970853285708,3.8319178396036353,0.3239176077522038,13.36875295639038,24.31691846345953,4.283692065724618,0.3554556726924851,16.068883895874023,16.152903051257756,3.503694136017631,0.3065205358798766
9,0.14982008934020996,19.70679261475643,3.7465218618704195,0.5474156457915348,1.6639978885650635,32.522067804018164,4.814124814988634,0.735179928377745,4.174224138259888,27.901494421516393,4.432053494528957,0.6805044040999898,7.110522985458374,27.53468109870801,4.373857303057639,0.6759512737376385,17.570136785507202,53.42839259203353,6.053074672687086,0.9279925021269759,22.772820949554443,62.05988634750015,6.468297853225834,0.9894533574794495
9,0.17045092582702637,15.454858490098898,2.9595198813821093,0.14521739621281582,1.793402910232544,3.4663845600934344,1.5063105139616217,0.08657858313832836,4.526026964187622,3.797979393754139,1.5013820132139426,0.08304916443416073,8.507581233978271,4.82813808947762,1.7213538982885528,0.09428076962131426,18.465868711471558,7.195244542844035,2.247329322856814,0.12749890089211655,26.543402194976807,6.1840963791042345,2.0596800195347007,0.11605432021885115
9,0.1753079891204834,39.46796441862493,4.604605397795007,0.2518248561286705,1.592696189880371,24.707123613954817,3.6845245378611575,0.2022582096900761,4.003718852996826,28.58798206130156,3.7048530235781842,0.1936673647934081,6.582048177719116,33.521509748437225,4.199893343284513,0.2281401731006607,16.071153163909912,37.051776013604204,4.422031230056347,0.23839043218954295,24.752816915512085,36.50342233991129,4.421880406747944,0.24046837622976774
9,0.1478137969970703,5.919073107862146,1.7043760911898806,0.22496420896687755,1.365959882736206,6.892612037327901,2.1628814876683653,0.34447024703285295,3.366987943649292,8.797722952389348,2.555433790152123,0.40674695874816824,6.7193498611450195,8.104828980504944,2.3472927435064617,0.37436199747974286,15.26102900505066,6.982330920520479,2.1855679301824913,0.34543690406558547,20.857488870620728,5.950321635227298,1.9597526446475124,0.31013906159362253
9,0.16486096382141113,15.664489564667887,3.0993944831735836,0.23571129979739805,1.7937688827514648,13.954942826869193,3.121528395313637,0.28811274968513195,3.9850711822509766,11.028101992245213,2.6053621564772516,0.2530620801779908,7.085689067840576,12.166740663993046,2.5175171250052464,0.17736084820307219,17.01782512664795,16.399578874490597,3.17227320325211,0.23183661473297393,24.984352111816406,16.223029140149237,3.1245268473143977,0.2261476967290091
9,0.1595001220703125,5.610900029063164,2.0413559871618125,0.25827573587802605,1.22825288772583,3.012350448237204,1.4036863764190552,0.1690301888778676,4.032510042190552,3.581779805096648,1.5195590849552074,0.18365485394827846,6.426442861557007,3.1921713103770735,1.4116778828591368,0.16477405093663205,13.043951988220215,2.8233092527156054,1.3203620746537947,0.14840077017487432,16.745731115341187,2.819368943872647,1.2942959070996822,0.14327481525146585
10,0.1645209789276123,3.761544072082361,1.415434115737519,0.11099169378073821,2.2565202713012695,13.977253068062021,2.926812809146798,0.2613966656609732,5.4472620487213135,8.842941592644708,2.329715494805083,0.20368783931395754,8.863068103790283,11.257759167638488,2.7239068316145247,0.24092639409860114,22.113316774368286,18.02769864711045,3.418247504896137,0.30633712510785305,30.629417896270752,5.641715623410535,1.9088726544436787,0.166760465947096
10,0.1995699405670166,15.101761742710975,2.995399261447982,0.3785697444320197,2.4090051651000977,10.513856409028369,2.6230266714339763,0.31235415522543,3.397207021713257,9.942482800193167,2.6139907723889606,0.2862775183361367,5.430532217025757,10.23186769519045,2.6687821910211844,0.2924404887908256,10.121434926986694,8.705700257567987,2.427857524151505,0.2861372172030669,14.72777795791626,6.8081635174739406,2.078637664361674,0.2472980769268783
10,0.21918201446533203,5.702526233934255,1.8507513344250086,0.17991650658680564,1.9068841934204102,6.525716648261634,2.0869231735950757,0.1921231934501762,4.374497175216675,5.050701609907731,1.8065631440995855,0.1693474561913445,9.078596830368042,3.5839510091467655,1.5333418658631477,0.15068170821874918,19.822465181350708,4.9179864406462706,1.7991007426023151,0.16406514195714106,24.445995569229126,5.061726737055244,1.8256034478831655,0.16579068843218323
10,0.21475720405578613,15.309932219192484,3.557964489473548,0.21398934739401804,2.5736751556396484,12.101435790319284,2.9935560974444826,0.1771261714498693,5.818866014480591,8.345013479384416,2.469629432146047,0.15022749018809692,10.334638118743896,6.729374853448593,2.0981374837329185,0.12323077482537333,25.565179109573364,5.931144885373129,1.9516266603370545,0.11481654912429198,32.973146200180054,5.877647316455826,1.9682718617526684,0.11623886967160554
10,0.21617579460144043,113.14128051395814,10.213569545007347,0.7821899646183937,1.9796221256256104,45.30213013070664,6.341145317240534,0.48673907698675,6.468980073928833,40.26356698715473,6.06806404752157,0.4611892976206296,10.483417987823486,28.432211990625706,5.045495630202135,0.3843305162058582,24.920186758041382,11.005380085376835,2.960973402829409,0.22405498444494928,35.86300015449524,10.754349254804286,2.9386280182286852,0.22363003028041584
10,0.22321414947509766,6.845779705387484,2.06351714425221,0.20617787268092977,1.8625593185424805,5.966069806841404,2.002762086607405,0.17735485848438634,4.316199064254761,7.2237641693819965,2.341280931556967,0.19519483909541388,7.3566272258758545,5.8686526465559,2.0639951730131005,0.18147838241729566,18.375385999679565,7.65607179980112,2.3622223811576233,0.20964180698969753,28.714655876159668,5.733713222664189,1.881008884981701,0.1739114491697981
10,0.225632905960083,14.690878111755637,3.0166361758865112,0.22937748429628507,1.3450779914855957,15.621462042860463,3.043891063092582,0.2216159410777302,3.226970911026001,17.009147975385652,3.271016529584648,0.23987541037570256,4.838468790054321,15.058091185355416,3.04701640989699,0.22007940351136296,10.147310018539429,15.323898525927802,3.0694229989344435,0.22426538066241086,13.994270086288452,14.821717774865856,2.999950316571449,0.22031770616082155
10,0.20234107971191406,11.66148716471824,2.5145152498535728,0.4040908158110669,1.7543740272521973,13.919735109014606,3.122419545979463,0.3980316576868933,4.70750093460083,14.390571115391397,3.0899850183919932,0.3672083638082172,8.102062940597534,13.340420260196368,2.9946475461117017,0.34764459170871903,19.340052843093872,11.199759030246188,2.7368961874189335,0.31743831541275813,27.850486755371094,11.310963001515567,2.85544461086325,0.3703708472255774
10,0.21695184707641602,29.387820600347442,4.29213977151017,0.25734462800952973,1.8382701873779297,25.420409672068022,3.629740123410309,0.19170527933725665,4.575984239578247,27.024804851476294,3.642770353068225,0.18815089155201978,8.512760162353516,26.515039666377636,3.650656491061661,0.19136257479230054,21.490504026412964,30.4272620436333,3.982031330977345,0.20713578591299653,31.354602813720703,29.81138057368048,3.9405898270027087,0.20556476076049723
10,0.2757887840270996,11.682545813767907,2.9278056121041103,0.19369360618200324,2.194693088531494,12.379408316466133,2.435348288398368,0.13201830762372418,5.478017091751099,11.854517666051182,2.3532396122100185,0.1282183821726422,9.759944200515747,13.683487127146343,2.5465630853978873,0.13882149979504751,21.881781816482544,14.256396045539413,2.679595986468026,0.14803853952327373,30.05305290222168,13.99377746008228,2.6125412088314666,0.14362807384522286
10,0.256223201751709,26.03548959994315,4.428796669760162,0.32836513464056216,2.4098708629608154,17.95758765329837,3.4097952221748598,0.21443583389698967,6.130818128585815,17.251753985194828,3.524175307159454,0.22363402229496987,10.52048110961914,10.936806750423056,2.7105952190874745,0.1701193285600255,23.108852863311768,7.771472716895076,2.1670072415557,0.15170679443227447,32.34078502655029,6.921660349717749,2.140456834967902,0.1520912762730642
10,0.2119450569152832,8.915036387602148,2.4091787278879884,0.2420904402379526,2.1905908584594727,8.15933094764265,2.3844806570725763,0.1980782590903262,4.52199912071228,8.881145007838223,2.5226946848696694,0.2053082073910592,8.085139989852905,7.917436386502123,2.3659912060800354,0.19558998056305524,19.24120807647705,9.316081663691758,2.5942028416793814,0.21953509755420444,27.168357133865356,8.066909497439436,2.1555108682906963,0.19441173185249092
10,0.24026918411254883,6.3259822382000035,2.036240880161051,0.1672703258184379,2.24766206741333,7.709045990637727,2.2831873101550153,0.18669539309322236,5.131995916366577,6.60416188262012,2.1833202782547945,0.16138889081492933,9.353373050689697,6.227426902421751,2.1265349070936463,0.15615883964423818,21.48624587059021,10.671758941585715,2.7465906094336687,0.2108685795930551,29.909882307052612,10.540648722096117,2.6809244977704827,0.2013227210705955
10,0.1976020336151123,8.361433219887257,2.369191735772814,0.18745234133611507,1.8709440231323242,9.58497570889015,2.7207826406246975,0.22108380146666656,4.562000036239624,8.618116126544813,2.557193852239059,0.2074376765978739,9.558160066604614,7.124803702817449,2.33978792960201,0.19045310555141254,24.424091815948486,6.883090460709839,2.2556082815899448,0.18206541460707804,31.680268049240112,7.408834197175734,2.3140976060774068,0.1858684127847787
10,0.20686602592468262,12.464643640814279,2.926620838681977,0.6343952480320317,2.162479877471924,13.735225495763878,3.186153405161235,0.6557249222822051,4.434340000152588,19.746168799934186,3.807593972723736,0.7882489509016547,9.120337009429932,19.612651640737376,3.8599726070292766,0.7925078602069411,19.945863962173462,14.042815769458494,3.1287940918899015,0.6609927684090878,28.493431091308594,18.00966593619702,3.5798924681905486,0.7309188739345159
10,0.234910249710083,4.405480876233467,1.626742365285025,0.10548916469835731,2.5063438415527344,6.985983170947747,2.03085056065079,0.13284061421809004,6.001704216003418,7.643177493662486,2.0844600609510504,0.13487372253208757,9.63247799873352,6.174358743414086,1.8812273014660235,0.12584592905198808,21.67805528640747,3.8591896596155157,1.474536661359152,0.09803420468889382,30.40861201286316,4.474544153272662,1.5909737784100195,0.1066292611869378
10,0.18554115295410156,8.849443822068485,2.6649938266179802,0.16805209907031957,2.5276401042938232,3.131955576448007,1.3840575754877282,0.08766610018939494,5.665599822998047,4.388286000939669,1.6112103561139723,0.10155179914646685,10.809641122817993,4.179910463355053,1.5115366997282937,0.0957396920565699,24.00517988204956,3.0520693341526584,1.368596715328585,0.08192243744602137,33.57874393463135,3.68581968239646,1.5265057997846345,0.09293496569021631
10,0.24264192581176758,20.872016673184945,3.8044022505908304,0.5192000499843802,2.0641489028930664,16.312289278102085,3.348496667579651,0.4669403323553463,4.9077489376068115,20.40942675931533,3.800101590831359,0.5246357785288914,9.169930934906006,14.36506031644287,3.0690601895768226,0.4384374830383923,22.505945920944214,30.61848205414281,4.458517723734554,0.6193240070175002,29.935877084732056,57.53658165382612,5.856183622167547,0.820551698599792
10,0.23168301582336426,18.28705001391013,3.6093169965987704,0.2982531800985903,2.301866054534912,12.347277954790664,2.96327149727647,0.2506131897145625,4.218254089355469,13.852444715090256,3.1750942419124693,0.251386699722078,6.801058053970337,15.02320081424664,3.2527191238539426,0.21912320924948217,13.16897463798523,27.122891941417574,4.150420157446238,0.2581355998035545,18.03526282310486,26.29132643378473,4.177072143820556,0.2642000479425249
10,0.16287899017333984,4.382726814264449,1.7698511614379158,0.1213411917612163,1.8683910369873047,1.6913238019630557,1.0243758627128152,0.07439048295911645,5.108556032180786,4.343300990470955,1.5891066754777792,0.11151095809329357,8.863891839981079,3.2240775575546907,1.3971176146424757,0.09773851147237056,21.77309799194336,5.378286097687349,1.9224073011302758,0.13656503415399127,32.4461350440979,8.680629416068825,1.9946368783406316,0.1378179220480666
