tipo,tiempo_prophet,mse_prophet,mae_prophet,mape_prophet,tiempo_2,mse_2,mae_2,mape_2,tiempo_7,mse_7,mae_7,mape_7
1,30.555694103240967,4.776500872689655,1.9889985203526033,0.16121401765176732,0.06939506530761719,4.007645665748978,1.767804592845346,0.13410774777333084,0.5433471202850342,2.431820555947883,1.350113044314742,0.11145856380880124
1,42.40664982795715,4.379986256088144,1.7986218806723355,0.13364228758212993,0.06822514533996582,27.380838121010267,5.008999631508117,0.3869626443773997,0.554530143737793,2.309321578346949,1.3144844078980558,0.10052198417573756
1,38.66660404205322,1.6651656569354656,1.0557083495496753,0.14170960173633493,0.09025216102600098,1.58469115873708,1.0397412033649078,0.15981759906650778,1.0875451564788818,1.7449885588485263,1.1678962160792914,0.1559878229647313
1,59.476802825927734,9.929639115006067,2.3367529505738105,0.12721003440870118,0.07350277900695801,4.247166396370574,1.7383533236529993,0.10647097487148971,0.5928568840026855,10.863879713646957,2.4840536875262647,0.1332147255219119
1,48.605891942977905,8.446227569324417,2.626147865199604,0.2346369901165815,0.07212519645690918,13.35156995585115,3.3137211599433773,0.31682670785557726,0.3529069423675537,12.073304427534799,2.8471001479470246,0.2824302399255024
1,29.9546959400177,4.448002524498188,1.6856955862157113,0.11727045882356905,0.03708910942077637,5.460003398631657,1.9673427679408586,0.1647504632763689,0.23325824737548828,11.958685619995833,2.960375242358974,0.25030716238856476
1,49.980841875076294,45.79762039166544,6.587778190866455,0.35817601741914395,0.1052999496459961,8.038304270418212,2.179864043234654,0.10921458101741914,1.0914409160614014,18.279205557206268,3.7656516060139356,0.19770128094621514
1,50.49893522262573,11.533598403295741,3.0696945140353114,0.20848758370453283,0.07094502449035645,14.759857345451087,3.1957462727045485,0.2113651442810342,0.5601158142089844,12.182953712785512,2.9424619058043673,0.22477832531366546
1,28.933143854141235,16.331809208154628,3.7295295070256254,0.2840921466553149,0.07495808601379395,15.736641871004299,3.5819669617328924,0.2656714273324875,0.5170919895172119,11.563314889543303,2.8946627879694855,0.2110623364377116
1,48.89991617202759,5.982945875985686,2.051908105408552,0.20638033636627914,0.06524419784545898,2.4974024097197605,1.4105324755326436,0.13696970627309046,0.4896728992462158,2.732093596397637,1.3834221202751014,0.13326250558191582
1,38.17248892784119,3.496415349846771,1.4932570639022582,0.10446571948362207,0.06433582305908203,6.178702013157225,2.043042076695904,0.11810074972891352,0.5976629257202148,19.0034761871025,3.547589006929414,0.24756993273412467
1,45.131011724472046,4.091994659476001,1.6283676508496312,0.1272957543962323,0.040075063705444336,2.7004492466631387,1.3528922762427769,0.09697267578185756,0.2122187614440918,2.5010174464526007,1.3333779500907506,0.10583728365431189
1,30.842411041259766,20.123009267246402,3.9948532729298654,0.3466758612339766,0.09682369232177734,24.661290099996148,4.3683968114802765,0.3812441988565081,0.6565098762512207,33.123651967432366,5.409262220017983,0.43555860481895736
1,53.44109582901001,1.309469021656237,0.931356276375951,0.06669742999957229,0.1003420352935791,2.415625018987803,1.269933624775371,0.09104597355653457,1.0880341529846191,4.729568467294765,1.8412552378578289,0.13198140107681072
1,45.72970485687256,7.01913991178482,2.042145914135875,0.21968521269112945,0.09560990333557129,1.1512449627023613,0.852942348351001,0.08883999113016469,0.995474100112915,1.3968675005367428,0.9708913411501418,0.10237069584796425
1,33.332109212875366,26.35038431285308,4.908325675220953,0.3264163445773539,0.041069984436035156,6.599393832210693,2.078113973008095,0.1287449689690264,0.20694303512573242,27.79113765538087,4.82426135102258,0.31181464604242776
1,26.17671799659729,5.805773943220575,2.2377843770867556,0.194881833991773,0.07350015640258789,15.277568612379204,3.7048935217888874,0.3116036768885668,0.5404741764068604,1.3740096676005675,0.8807685979030269,0.07292607502616874
1,43.020240783691406,28.067422378565855,3.631669578281548,0.17186972132148623,0.0656290054321289,25.201831088942644,4.116430300651722,0.225753564083822,0.5605049133300781,28.96063322359541,3.993742381602943,0.20141886125738223
1,30.882730960845947,4.231569152168306,1.619583271139782,0.0886861723108955,0.0684821605682373,9.340675483818332,2.4417929327301113,0.12787229041166115,0.6183929443359375,3.2787641625417674,1.6149387417209307,0.09634072813375787
1,52.29372978210449,7.713815094087361,2.2797836648861654,0.22296087181083543,0.06600499153137207,8.765100150533673,2.4431467666531494,0.24962439406261838,0.48617100715637207,11.579979918087997,2.7990510636803583,0.2672399575462697
2,55.19276809692383,6.97615707953986,2.065937255549753,0.12448701599590078,0.26073288917541504,5.628847104351686,1.8604103534639416,0.11300316482473788,3.6135950088500977,7.166806796662798,2.051826998200725,0.12614844420665203
2,61.45467972755432,12.657024486200696,3.2299079504768136,0.1952788182391884,0.274677038192749,15.451654278655166,3.5645264818195077,0.22103864132311263,3.351285934448242,11.354430280806437,2.839775933801226,0.15917513453298285
2,44.455228090286255,2.345852553224751,1.3821119729059026,0.09931552846265176,0.394061803817749,4.268963699849863,1.7961750543753283,0.12816535750131663,5.714333772659302,1.3734933200146129,0.831233149190861,0.055732198939229614
2,58.4967999458313,10.204502137360748,2.8367889868023104,0.24200813459078263,0.3874499797821045,9.620412696205374,2.3437112879600566,0.16665094571713265,6.324129104614258,48.05358285837444,5.52758484037148,0.4603512242308597
2,79.34573602676392,24.904150290357133,4.312158152998753,0.6445698653369725,0.4766409397125244,15.624378116403754,3.2734160993461394,0.4919296474375785,3.61080002784729,16.747903731476452,3.35666467263082,0.49374205387333675
2,55.30695176124573,5.464871983639857,1.8951334530973538,0.20157220197870251,0.3048090934753418,4.910143424018266,1.9656745477241135,0.21793556060356045,4.9262330532073975,11.459705484262594,3.1508528466980046,0.34440983717300144
2,60.33124399185181,73.99978733728719,7.093561908792273,0.2841764665595574,0.23562908172607422,99.96313665558998,8.561370899649681,0.3440272262130298,3.022922992706299,98.56416688084913,8.448341673609654,0.33974853263475413
2,49.47634315490723,23.41804561362283,4.115296560175227,0.19360711210128362,0.4290900230407715,19.445602430203813,3.89838101532956,0.21037905961304681,5.517333984375,21.656298835475862,4.118825793466298,0.19824043410212105
2,45.12969493865967,8.80415310741283,2.3542386181017187,0.13684844735648358,0.345134973526001,10.53536196488059,2.364579218021173,0.12657939422787295,6.02114200592041,26.098938899612747,4.1996965951506695,0.26835150377797395
2,45.41516590118408,7.05424797448669,2.0300339712165747,0.1169651263567599,0.28116917610168457,5.133420465016528,1.811270793491047,0.11002658813113592,4.158851146697998,7.261135939743134,2.220287809237605,0.13278732298842713
2,36.21491885185242,12.082697911155854,2.8411537042577404,0.18790870128390225,0.2371368408203125,24.313904423283134,4.2002825471633045,0.27340749460913955,2.8878159523010254,28.043769619134416,4.526199233675333,0.29489968934950644
2,57.70540809631348,20.395119876430893,3.787881426388573,0.23638494750088182,0.6016840934753418,20.81179486196008,3.706486239367603,0.21764798283551673,4.430820941925049,16.093493751914707,3.1033792893016288,0.17673869767299344
2,55.561944007873535,2.8964293723608114,1.4370136240997513,0.12640168899128137,0.6199033260345459,9.373303084719955,2.7269880289851,0.2303180563392319,5.54657506942749,2.149012306649764,1.1362606883044934,0.0976690948216659
2,80.78999590873718,13.688449748006157,2.8069160462430736,0.15291239320888148,0.4038510322570801,13.668769439312115,2.891529476322097,0.1561231129861053,5.8167948722839355,16.75577935892008,2.977254454167312,0.15436836795730285
2,49.49632930755615,15.638969411943796,3.6856669827146593,0.6065653524577316,0.24353408813476562,6.196294023704084,2.1582081092038163,0.3998037795217002,2.912271738052368,15.986731174194286,3.5642978999441697,0.6393592093589565
2,55.138641357421875,2.0880750604582388,1.2053755177685552,0.07478713646223525,0.6052041053771973,4.410056056591593,1.604210110530993,0.09935287398069795,6.67524790763855,4.553256864755396,1.67329600299839,0.10127856906895333
2,71.93307185173035,20.728076833094892,3.8262940909871648,0.5568319128639649,0.47379302978515625,13.274725327637544,3.1684983295865035,0.432362026085176,3.0182080268859863,8.256034448651775,2.560366736323058,0.32991139788526735
2,102.81509208679199,3.0722938951115775,1.3520992376958723,0.10050277406298612,0.6182851791381836,2.3950394639747765,1.1793053194398715,0.08827237967284364,7.404507875442505,3.583667641102634,1.5690413185040764,0.11282903114354284
2,82.20164394378662,4.609658741958577,1.6777213621576674,0.1363843984844898,0.6560611724853516,5.941211059584455,1.9408979267486015,0.15459683016220346,7.655460834503174,7.14176293163712,1.8230685941730982,0.13153038466160544
2,79.69576215744019,21.377633925336795,3.7036817270077735,0.2376394217861787,0.48612093925476074,15.27982331272598,2.790958555304302,0.16659677934039763,6.2588911056518555,21.002345776014053,3.3422699228424255,0.20392762427371786
3,81.5194239616394,12.025097550680487,2.9649405443092545,0.2229940125060581,0.9287121295928955,18.348610097258266,3.5894956046440476,0.27943993134362866,20.438556909561157,10.11007628009594,2.7401319033285314,0.20735724569285965
3,66.44089794158936,4.048589469862265,1.6492676475924586,0.14262892605796296,1.6111860275268555,3.626824522000097,1.5079756635068147,0.12365991808421721,24.256189823150635,7.728042570118057,2.252719426154763,0.1869747196528118
3,71.51880812644958,8.970351501468814,2.437347662235098,0.11699966218582523,0.8768630027770996,7.920053521693295,2.2681686187083216,0.10993941286696124,11.418529987335205,9.965746883782105,2.728439947725812,0.13513805276001575
3,69.17310690879822,4.050198804422858,1.5070230651624466,0.12526182817426576,0.8415460586547852,5.166814955960672,1.7519423544535915,0.1548588944916245,7.205064058303833,5.493368342960004,1.8598187910285018,0.15495626531924922
3,53.462568044662476,6.950207195666256,2.3374418920905167,0.14944762345534,1.5820140838623047,8.059373430393007,2.407557688191291,0.1488118411062405,19.687769174575806,11.768461839903829,2.8393140903416616,0.16796066255563072
3,61.42488980293274,4.931465593111335,1.7883930977000073,0.14815861456443832,0.664639949798584,4.9768469947309315,1.7395617041846902,0.1512069342222,9.47972297668457,8.176394894864178,2.343304851634042,0.18167274332823058
3,71.64550614356995,15.81713117799609,2.6684671472385957,0.16420732781108374,0.7600419521331787,14.949608960612231,2.924318204020423,0.19896749880318731,14.393690824508667,10.451879717306026,2.5874383189283034,0.18755561822213296
3,46.076910972595215,35.17692931642603,5.152072431420034,0.3065149576971557,0.9189648628234863,32.1880375395198,4.866240733788899,0.3064888867832974,7.981942176818848,32.89070784215885,4.923021891244719,0.30363468094770585
3,88.58126592636108,11.84070944390011,2.7588030384338453,0.21895897985984691,1.226546049118042,23.976339375108704,3.9093957075843058,0.29626292364177725,14.811396837234497,20.293803927994798,3.7724471869127174,0.27325582910047613
3,45.22725772857666,10.882039171130115,2.6974984821449723,0.18667042414626625,0.80051589012146,16.70940646904166,3.239367386771146,0.1926182764981785,12.612781763076782,14.778263440364247,3.4324129085313153,0.23310711635513048
3,50.98256993293762,5.3666477490845494,1.8612125131157207,0.23497094069373214,1.2536919116973877,6.684899311934995,2.0931959124547754,0.25506490677590204,13.931298017501831,13.291229004398142,2.815046992081811,0.3591213496005649
3,47.28746509552002,9.47298037402098,2.4805751176971524,0.21125619519518576,1.436795711517334,21.11431562730721,4.013607203627233,0.36806245556660055,26.532076597213745,17.184284941055466,3.3777423097600194,0.2917187576669961
3,64.46064710617065,9.654659454156821,2.1438468731167606,0.13531045837298603,1.2078289985656738,19.42125100012113,3.351896945324914,0.21468129532013402,13.070393085479736,15.843305219155631,3.345263258755427,0.2657353253147144
3,39.33341383934021,14.137818902274589,3.4106998385207183,0.2361817653041474,1.1867022514343262,35.30049677302728,5.491787322927937,0.3955168417840394,13.854346990585327,9.300011242437124,2.6127628744720686,0.17478696316096864
3,63.37281918525696,27.695209769087526,4.323802212764462,0.3335290077006598,0.9347729682922363,26.665463767802454,4.2161646396615,0.33082977202886266,12.477663278579712,30.39059025122737,4.3689596534116495,0.33321624955716284
3,48.69173002243042,6.028120600927004,2.018526640917546,0.1683584907487862,0.6386618614196777,4.442064849388012,1.6958321943562351,0.1517365758456423,8.071841955184937,3.9154040414280353,1.5454027663891399,0.12626266828024726
3,58.41708183288574,4.040064640290282,1.6674958038664769,0.12548394806636934,0.8939192295074463,3.8357956173693637,1.6109126714709812,0.11757708595272777,14.106557846069336,2.895493348330573,1.427874848345833,0.10730535164493167
3,57.87290811538696,5.212052212131567,1.8383460500450866,0.160103045114015,0.594940185546875,3.7700744849757526,1.4857918229024252,0.12322242303663998,9.45550799369812,13.680138096760798,2.9513825479004727,0.22805837837312323
3,41.67191195487976,11.21855979333371,2.500587124285875,0.3656305919384682,1.1610260009765625,10.356574370050609,2.5608192126840956,0.34121544796659453,8.494545221328735,9.176423242035094,2.4595148054446945,0.29338071169092295
3,76.7989890575409,5.653129383510927,2.149624170293821,0.19401561471896012,0.7057230472564697,5.981768042693158,2.094335929671891,0.1905858551454325,7.9450109004974365,5.035399880094066,1.5753666248356815,0.15189321680934384
4,44.163475036621094,15.46682249497678,2.984037604145274,0.15228043849114958,1.6973540782928467,10.593601196431244,2.1226517697379705,0.1005323608425303,36.76072883605957,8.123187754256776,2.081831096296277,0.10537424263126785
4,69.41424298286438,5.895650532607765,1.9654695497813064,0.19970677976740303,2.8715109825134277,6.8594723778275455,2.2653734915018537,0.24582602580138374,27.722715854644775,2.8768303744867394,1.428207081504377,0.15147339899734152
4,76.26978898048401,3.5059253787631293,1.4728856923856508,0.10097173269751751,2.4658470153808594,3.7064826845952967,1.5923742522933229,0.1103154594531856,36.2851767539978,4.488354318990715,1.7645935218551887,0.12398095214154561
4,51.03107523918152,7.268220472403477,2.2250680149488256,0.27844433808366875,2.627913236618042,12.809654344480474,2.876355920743856,0.3702407760284799,20.900357961654663,34.18613892273736,5.268287986509677,0.7336180248937916
4,71.01022601127625,12.151940645487814,2.7681262794514843,0.14857931661881932,3.1198251247406006,20.099351469669788,3.5525325687404177,0.18543326080589084,41.32204008102417,25.012956544616383,3.995120060282452,0.20996759578613422
4,57.814512968063354,2.8069097431567727,1.4537610151988953,0.10635888106557337,2.6427688598632812,5.5626989274476655,1.949725344879889,0.13508265217544732,32.81343674659729,3.717952663087684,1.5034199994511623,0.10475762828529264
4,74.43872308731079,4.190383679212498,1.6969692956627564,0.16003460455665577,3.353861093521118,5.193358477212864,1.7750553188782332,0.1825957557658078,51.74602508544922,7.8831953789575255,2.1403137686553895,0.21990583564934618
4,52.64083981513977,9.14562865299401,2.3075513288594047,0.1410319346891479,2.0433857440948486,12.073831668532321,2.5885580562836172,0.1577530930118217,28.947978019714355,11.905927181995311,2.707333654610638,0.16934256841727996
4,44.383212089538574,5.182428034966806,1.9206313954209522,0.16912454473419936,2.402285099029541,13.856800247991796,3.086763403949293,0.25905796908813533,29.09161400794983,10.940588186966758,2.687870767224173,0.2213089485353128
4,39.65274906158447,6.148222079955065,1.9214933755533226,0.13468261547662905,3.2351250648498535,7.2248577322468375,2.1927386679406577,0.16649917815341497,46.668997049331665,6.783419778626209,1.9906244837526232,0.14598860115014856
4,51.26673889160156,6.746294419481741,2.2178395624133715,0.2014376944880204,2.753600835800171,3.1783222526999078,1.4033632244558878,0.12185923870180818,32.1709988117218,6.775080898626208,2.0281016350733885,0.19314575891466537
4,45.207154989242554,6.5049912100087735,2.1190662771939923,0.1861174970388126,1.8600459098815918,6.261786392412955,2.1493866146257714,0.18795951121509785,24.167822122573853,7.673220485062519,2.1505551763745694,0.20781696928200838
4,61.52682399749756,12.133522742713627,2.8677776382989983,0.1975419116285751,1.2986609935760498,9.330849879598105,2.4488145350060084,0.1633901645733143,26.85404086112976,9.400672677504502,2.4741491939022313,0.16072526065601195
4,34.76091527938843,10.386294813251386,2.6505387458198477,0.31751196357286465,1.6528010368347168,4.777600473337882,1.7870861071996882,0.21879883949779627,27.78512692451477,12.231413729876168,2.6679034417506378,0.3538473410367842
4,53.95773100852966,16.505151860658444,3.446092239384158,0.2624324503363082,2.208858013153076,19.084847113027735,3.644972425089629,0.24965986767596804,23.351513147354126,17.45506698593195,3.459507432123414,0.2531946791144122
4,29.747605085372925,6.332920594960507,2.1760815316131357,0.20256979549520193,1.9535009860992432,6.469988743051968,2.1565450517138904,0.21127430177161935,24.402308702468872,9.945807972244607,2.5671128735007835,0.22031844044779
4,41.87342691421509,4.800997951602327,1.7727840326140425,0.20333284888146613,1.1816518306732178,2.254864265160306,1.1393157029274101,0.13081831984646392,25.322218894958496,4.3577449188025845,1.7750093414207173,0.2203348220047771
4,49.840107917785645,8.079622186979321,2.302359122236205,0.1614979517835196,2.508708953857422,8.26901639642199,2.363740651129255,0.17353327238959354,32.171968936920166,7.558209170861649,2.2901560773572887,0.15728234841742517
4,76.12001299858093,18.27900684003294,3.430178319495015,0.26708764179714606,2.7886359691619873,18.20681954913557,3.2646751110173855,0.25379655069800944,27.373430013656616,20.076082316717468,3.748771082767209,0.2985388134348488
4,52.37996006011963,5.849111002932783,1.9736034618444913,0.122437942994326,0.8965811729431152,7.061916834932057,2.1161781695200137,0.1278587365720351,23.545830965042114,5.070201229956416,1.7250459396057822,0.10251630731429137
5,24.40058708190918,25.018488598654784,4.359144959702881,0.3106229726383366,4.320547103881836,22.5097348825967,3.9667297163394446,0.2658832520124035,68.9362530708313,33.04063013914628,4.799067696993701,0.3031147467941581
5,72.21081113815308,6.115023760606077,1.9560357652885962,0.17332647094625023,5.137293100357056,8.418661364812072,2.2891675571439225,0.20204689277299237,60.20977997779846,10.061032209162942,2.496927209086375,0.20302671786349685
5,36.874287843704224,3.9288170216314264,1.6812728083259194,0.18161607916361064,2.5648367404937744,4.817943608221867,1.701282687268694,0.21164233324265863,39.15932106971741,5.056831268934779,1.8610133921663141,0.2002421997840683
5,46.12773084640503,12.86904770473563,2.9245758916865348,0.19851788853456717,4.235111951828003,16.172600833699335,3.510907988817904,0.25365328718607405,44.38434910774231,14.52178512568985,2.6455926070902427,0.16420950211126667
5,44.123223066329956,29.97620625895403,4.412754088258211,0.22953855148256438,2.979099988937378,34.17778887334206,4.410009149290465,0.21191195224584627,53.865220069885254,28.98156817452209,4.423298154986862,0.22999730750175118
5,24.269529819488525,24.977584740694333,4.380257193450531,0.30810694184808285,3.2124521732330322,13.546855048694358,3.0456325154699457,0.22255559091408186,43.61699986457825,24.29550251246733,4.22106372773462,0.2944200539167104
5,63.92147874832153,33.611879309076585,4.101904120729634,0.21745328679817083,2.6505022048950195,38.41597015627589,4.499297532582622,0.23435212636287125,45.51200890541077,36.653691809318026,4.462488279784369,0.2291540578836267
5,51.82305693626404,11.920569365557943,2.9237164432745146,0.20294534095920916,2.1592509746551514,21.67009562856892,3.3559449868468754,0.1862369201313853,42.08926606178284,24.001313633195156,3.7655958752785708,0.21778764769524012
5,58.72765588760376,13.019563233372267,2.6933938215822266,0.15473614829936072,3.7997870445251465,15.92261696345381,3.2536768241094975,0.20076535776417911,55.478720903396606,16.390659140657064,2.942577471879037,0.17022987422568328
5,42.69943618774414,24.06360883884958,4.099432785637157,0.24647788501356788,4.411421060562134,25.861938018161556,4.044381140339661,0.2545502334278527,57.97024416923523,29.372603628102517,4.3716618716309705,0.26283646251396015
5,42.34256291389465,5.937961873677684,1.9321850525351956,0.2299585756919718,3.113715171813965,4.98525540535474,1.7637083904616937,0.2609273815222365,48.432532787323,8.487763354222476,2.422674301243457,0.36807616281020533
5,43.37728309631348,16.793271994566222,3.219830819081994,0.2830284940057307,4.29542875289917,11.752052541202403,2.7380551157873882,0.23951244202849226,58.53536510467529,9.621745947680875,2.5107521828748793,0.2013545294191907
5,64.46276617050171,4.223624217086259,1.6466259309188254,0.13455055831071325,3.2302682399749756,7.544815249439294,2.3631371143557858,0.1814240039457366,38.34249186515808,5.374542860153967,1.9154351385881199,0.13802610115331657
5,54.622273206710815,6.32706990752088,2.0652103410563205,0.17220817474227185,2.34893798828125,14.900973505239747,3.372909489762624,0.2815628725447465,33.35314893722534,7.089534743467382,2.283736878572795,0.18819793737545265
5,56.842437744140625,45.19272469430949,4.742158148068881,0.23425687380969845,4.110350131988525,53.69073943011981,4.587709691492238,0.1967122677407656,58.22826385498047,36.95595626868517,4.050580021656261,0.18469658213788748
5,43.58583402633667,3.349029154962311,1.4921763043124248,0.14522085428333978,4.3138508796691895,4.133544681388365,1.6635180514817425,0.1593753313992572,72.89716601371765,3.5051804371242206,1.495370236584396,0.13573657465353622
5,59.39919996261597,6.210252977056408,2.08553248762414,0.19285592018025294,3.3112378120422363,3.1031501584860095,1.3854774778777679,0.11323913539850886,73.33939099311829,4.688565701254062,1.70098454285446,0.14430123519756005
5,66.14839792251587,9.990025226688418,2.234250669576201,0.12490447044926292,3.2653300762176514,14.026564235434497,2.524458268809687,0.13849512973490175,52.97973608970642,13.665654472447745,2.716753714315428,0.16085526403083478
5,51.983521938323975,10.6705175080953,2.784559473377622,0.2891115351642785,3.3631229400634766,10.060875724240141,2.6555953448521175,0.28623029949058754,32.00361490249634,24.224503961300478,3.911589106204584,0.4635962742503275
5,52.79372787475586,14.242629504241137,3.055397152800906,0.15687899293660285,2.559072971343994,13.015246645083867,2.8655884578952024,0.14657303980223585,36.895724058151245,16.02256920054508,3.1659840175911365,0.15963283516089455
6,30.445103883743286,19.98019914781985,3.540474468875898,0.20538139779313971,4.896077871322632,31.027495499522924,4.254212234769217,0.2358196527485389,91.73167181015015,29.562547881758366,4.130075979037148,0.2125210079356307
6,50.42955684661865,10.405075533751218,2.7339093524423834,0.23088210548537583,5.244134902954102,9.07653504150717,2.5126855228645053,0.19926504672140175,105.83882713317871,7.551103132337676,2.2566528203889775,0.17906288463296446
6,60.21932601928711,5.215215231517768,1.735275736085778,0.1276193856352341,7.453840970993042,5.5949537921956285,1.8376985058328115,0.14721365277615284,138.29401993751526,8.481798518433193,2.3514107915009714,0.19295234629215843
6,41.0755250453949,12.286298360834548,2.2445412379847904,0.14413735624605875,6.131530046463013,14.795233971173436,2.416597827348692,0.15139741259248626,174.51133799552917,23.90214300511869,4.222019390514771,0.3366020151404224
6,68.95005011558533,13.491747596820046,3.0602239300404652,0.21093808181371412,4.027770280838013,13.172956832461795,3.1419424332450965,0.2245101201461116,75.76176428794861,16.202718036583956,3.119814047609642,0.18279482163702512
6,34.86490988731384,15.34217961897591,3.3559379784257986,0.44391308271689073,3.811721086502075,14.392976761908036,3.191718869421319,0.40991008851889177,95.90806579589844,15.067951073399547,3.2006102749997574,0.386700454204201
6,49.64668893814087,10.010165543196923,2.6906618550049983,0.1611373916414123,7.7124669551849365,10.238748850128994,2.464423562976308,0.14930214430233335,143.5957911014557,11.835524781968681,2.5753951942861377,0.1410459439604198
6,53.41203713417053,23.09784822730791,4.130739966244753,0.29742406325064913,5.338974952697754,21.88094558973702,3.9125174997073215,0.26894551195701255,71.62997603416443,33.14926291564764,4.9026776396988145,0.31031686331339897
6,35.12258815765381,12.571523107206069,2.770783984359682,0.14386612141752628,6.308202028274536,11.993641628136396,2.5370378602897152,0.1294225828320872,90.60468888282776,12.830260351701819,2.621833501731692,0.1346873045795557
6,51.20336723327637,13.447520739596937,2.911220273757332,0.18378062484141897,8.768677234649658,12.870473326241692,2.8921578536633223,0.18990239104204532,134.91531109809875,21.32908476210809,3.462179791272323,0.19681827813263342
6,67.11256074905396,11.262469029940481,2.72991137873205,0.1839996183723689,7.6790690422058105,13.24852221552448,2.889872358812824,0.19144334640419433,124.53844499588013,20.487922416108955,3.1132415100451483,0.1866754348840642
6,46.70181393623352,9.295670489019356,2.535808518035425,0.3673953458413293,5.4725377559661865,13.518635138631069,3.172055913113351,0.5023733812712102,108.29859495162964,21.7476213575587,4.107282121883736,0.6201135581829461
6,43.735856771469116,20.73736806480365,3.1408569488833176,0.18069658043779227,4.83430290222168,22.18533679571047,3.1600048743449456,0.17624290192948208,81.09394001960754,22.067148171468176,3.1336080355630465,0.178574495324092
6,68.12907981872559,18.535743129990916,3.683817203543954,0.23404145922083772,3.89982008934021,18.4208938075088,3.2086949946383876,0.18054729230660185,77.56500506401062,15.70445759181114,2.7720822638905847,0.16041589735942755
6,47.364031076431274,5.212787541353701,1.782712221102256,0.20180122091123207,6.574635028839111,4.8051436509493195,1.7683071612018086,0.24012338831440128,127.67512512207031,14.231612175345534,3.3033402539049583,0.43556940514477954
6,24.736467838287354,6.160412259704966,2.0359380965545197,0.17798758537459722,47.23875594139099,7.633488896864677,2.1469125733442516,0.1725811463809462,92.6444821357727,10.624670681528544,2.50847213840762,0.19103352749656533
6,50.771528005599976,14.44716137892288,3.1232280288459164,0.1981314345221248,5.363189697265625,13.743147323364388,3.267948522368053,0.22307232027131887,91.86673402786255,15.40617194772639,2.782735917782326,0.16659528280816246
6,72.42448711395264,5.549355947733626,1.9301768074572816,0.1750779000073944,8.142848014831543,6.59120572585126,1.996590239420023,0.19455385102349218,115.34773898124695,11.897803576884371,2.777731825018737,0.2529577654778022
6,35.60633420944214,5.90194726251844,1.989864918201559,0.20551562989826674,4.907016038894653,5.956019642581925,1.9171609008621004,0.20721232189274352,48.57627511024475,6.67200540997499,2.1577632883495177,0.24620134809978556
6,54.56200671195984,14.945011335225407,3.2408702325551286,0.17656815681185525,6.8127381801605225,14.327542786641702,2.9137778397510417,0.15010813129770154,113.57813620567322,10.584936195252501,2.5378132485404636,0.13355847165264653
7,47.18252682685852,19.000342931477128,3.570965443139843,0.21206326294045683,10.057844877243042,36.88254945624027,5.091791314414115,0.29594404983513384,170.27926087379456,21.722359167472327,3.717638658232829,0.2257785223984802
7,57.99069905281067,24.230511579104753,4.065871848082819,0.22634400523117998,7.806486129760742,29.973784712104653,4.644142008145361,0.2723864934383925,102.7076187133789,33.92531043838814,4.91699301534082,0.2593082520308708
7,55.60856890678406,15.391037168818984,3.199935254120264,0.20921918970825362,10.403006076812744,18.79719313404644,3.1434966128395723,0.18634031896898642,194.24655890464783,18.47982680964237,3.0562865235969077,0.17845250230380416
7,64.3476300239563,6.692117399587794,2.070598139999496,0.17414607842524707,7.638420820236206,6.8540221533856736,1.966134608046776,0.160386678540499,125.733717918396,13.051579404844219,2.986482702388489,0.269685725471428
7,31.852503061294556,8.300764225148171,2.3588968240076698,0.22416669766905822,5.043457984924316,10.435669779779468,2.6828723115944464,0.23736694985402376,153.2174952030182,8.18471504040395,2.348129921016462,0.2143245703583355
7,49.64525818824768,9.956077071696805,2.629256621542609,0.29513260114171896,7.105776786804199,8.538581370017633,2.170044627044926,0.28149380552451186,78.06609416007996,10.487906827924265,2.517407543927189,0.3269057037134591
7,61.39644408226013,13.05003700474044,2.886847375490163,0.1726376907051243,9.049073934555054,8.584459490556865,2.3510884812613355,0.14896303851505105,145.35178208351135,12.59719808780516,2.8953389260199254,0.17053791864484483
7,46.680591106414795,3.72341530409291,1.543117588032299,0.10331335494893312,9.562180042266846,7.699172599268791,2.183687498322463,0.14966087348845133,139.23932695388794,9.897951171226637,2.434481053566604,0.1688498174964769
7,42.286722898483276,3.9834965602396575,1.6347762384217663,0.16717007670393522,6.840678930282593,4.9631260197657925,1.798458144398635,0.20989312386255723,128.27296996116638,8.970006502586017,2.4902927803463575,0.2708948028542787
7,52.58414888381958,11.360138128893187,2.9692773536462664,0.1718682301782098,6.53839111328125,13.786947093724649,3.1213130331106353,0.18383285888603296,125.1899299621582,8.24122975878097,2.3026253379607615,0.12502562370788892
7,34.23472785949707,12.030548395084063,2.903981969479687,0.24003795039238132,8.109093189239502,12.962682216681193,2.9652767739693977,0.2363848239404637,160.9240379333496,11.339580801880901,2.6456167102782215,0.2405910704152185
7,44.096429109573364,13.148643224131684,2.7811706192028645,0.19019371570409052,7.138181924819946,13.912739788700277,2.868479546833069,0.20622224307652806,125.66417980194092,16.328401757273713,3.1681291614919656,0.23113257481623697
7,53.22641611099243,18.220231534374975,3.2907153106364695,0.24421759694585332,7.550765037536621,15.238990035408763,3.029664482161462,0.2220643001628266,84.85099792480469,11.57463414515621,2.506399443417947,0.17478467986270943
7,41.389338970184326,12.510492682916817,2.8669610947775053,0.23440243894008758,3.757134199142456,11.248690548919239,2.406877009115163,0.18077870856913575,70.13203310966492,15.360086246269171,3.4253203116528086,0.2983905700699311
7,39.650211811065674,13.811018338587903,2.883090602744834,0.24798039104954575,7.818089962005615,18.013304178189806,3.0121463707997975,0.23746857312196332,93.70071005821228,14.090221089149924,3.0355639967913097,0.2726837442832052
7,29.698268175125122,5.514052260027183,2.0274975668627637,0.12595833829685693,8.08519697189331,4.996688867945648,1.8522553487694249,0.11734185804422971,175.71987581253052,9.418263375954789,2.528801619314343,0.14428264452122821
7,47.70347619056702,12.368762055002069,2.5768774283443903,0.16969973034995472,10.025864839553833,16.507091765919593,3.0107262345630965,0.19920391888777994,150.01131796836853,25.35642219052523,3.934295833030646,0.26502313258530397
7,7978.777240991592,10.355295445995484,2.646906828322994,0.2720414265234751,11.71756386756897,10.771601266984817,2.799920171171102,0.2920388273910888,201.1237289905548,7.801585795761787,2.343921168846176,0.2657862009744271
7,37.63370323181152,6.0059412551102564,2.0094727521037585,0.12220529076176044,12.820194959640503,6.169720398424063,1.986137163114923,0.1207343193004073,158.51112914085388,15.857749597234358,2.9146301053479418,0.15908851034200114
7,36.17260217666626,7.502355681519133,2.2913750389452487,0.3180254822519757,4.948326826095581,6.303535368840488,2.089707089673244,0.33829937847025143,82.29549288749695,13.932549296052795,3.3455845193502536,0.5309493680236623
8,32.390735149383545,8.401658231612863,2.4493361016041706,0.14565744094143002,9.893893957138062,7.685001280746118,2.202692276162474,0.12658740766520554,153.92317581176758,9.137001877706968,2.301411893411992,0.12899204337456746
8,37.95240879058838,5.196288655789557,1.9085720800933614,0.1591263362370941,7.170726776123047,9.66584322527871,2.407779445712533,0.2116239838401363,114.95068407058716,13.775696681759984,3.3444099609255655,0.2566463896360332
8,33.701777935028076,6.282385273545868,2.109494541555489,0.1297514074033616,9.520060062408447,6.953945415130811,2.1655814371383273,0.12988994710277407,151.6004867553711,7.582549831574991,2.1676459544565994,0.12198292895150209
8,40.137109994888306,15.327299851836328,3.204511901994937,0.29140450357098674,8.022339105606079,17.337929240881735,3.2565051296455776,0.2681604396758255,84.79960823059082,14.015197092576445,3.2154594225070463,0.2982631566071281
8,40.826253175735474,8.015239437815854,2.283894076484335,0.14552075434851217,8.552243947982788,11.954776235458791,2.79939101797085,0.1641931409494831,151.90381121635437,14.96571703060445,3.163769241100385,0.1817789657973653
8,36.20252704620361,15.436356790995477,2.749615212668587,0.17276569262302513,7.405865907669067,15.295937340311074,2.78039552073715,0.17769412135466978,137.1716113090515,19.174678428357062,3.2015985460210876,0.2084270121453882
8,35.626723766326904,4.576123570649863,1.7318021682468154,0.14099393538987853,7.15764307975769,7.576760385974341,2.124699137286166,0.15941040277936036,144.78533673286438,8.242025137150709,2.339203798261468,0.18299828928365172
8,38.897181034088135,18.223469533744165,3.502640336418466,0.2170389144838501,13.037073135375977,20.802288608353933,3.8759100605369277,0.2446863623633665,136.41666412353516,16.696618000741935,3.2622587929074145,0.18654582431300856
8,46.96999001502991,7.44382795355358,2.2850012539172733,0.18841783539319878,9.755041122436523,7.20206982936164,2.027494008909284,0.15390420875760374,224.9792079925537,15.161638945258147,3.1734987383970297,0.26383181479211026
8,27.469792127609253,15.227990903016927,2.658985297039507,0.167732432796999,7.11376690864563,17.90355167449663,2.841463600537651,0.17363482724471144,138.11588096618652,26.77845274361083,3.5739606014429417,0.2274194691270945
8,34.18972611427307,13.917119109782377,3.085546089724226,0.3005775109302202,9.87857985496521,25.652050872428127,4.381898755277783,0.41319492674777575,109.72866606712341,20.6404378712033,3.886504507850604,0.3492168245267955
8,22.850141763687134,10.385184656145645,2.6169726942317317,0.3120958160109243,9.259800910949707,15.799104078380289,2.9879986771016878,0.3843956193731043,85.85747718811035,20.337353681102563,3.3784694188970548,0.44103361367626537
8,22.593133211135864,7.590249080471843,2.198028049557103,0.1387031743070058,8.870069980621338,8.183651204595133,2.0302824255312664,0.12058705544752102,156.69987988471985,6.166625481493117,1.9268012183628214,0.12274671156514938
8,32.32845497131348,10.836820822370939,2.6621775563412613,0.17641571975486195,7.808126926422119,11.293768980386181,2.475986979453514,0.15727753751835363,139.89078211784363,15.292206537507058,2.660474179168112,0.15790299025952395
8,31.18882918357849,7.368895706179352,2.129207356817922,0.16447503984194087,7.254924058914185,19.783250821138935,3.766204946666675,0.29905557778139197,125.14760971069336,22.683899633901042,4.122368905676876,0.31787209915442827
8,17.48099398612976,21.490423276328436,3.781118847127685,0.23318316326698385,8.860972881317139,31.381160054846816,4.742081622699977,0.2570689203646737,99.82952499389648,36.66914155830683,5.19958125149833,0.2796294876251486
8,44.090399980545044,5.104130063420785,1.8089309440220227,0.17587927334592984,7.946568965911865,7.097016425572408,2.0423309269242393,0.19787540442632404,155.1695897579193,13.196835918992065,3.1291384375192477,0.3290619712197069
8,41.64248299598694,10.834159805427705,2.3349757527671953,0.13448546107839918,9.108041048049927,10.555337952643551,2.424913696954928,0.14879439813483586,175.52328515052795,12.329830082109119,2.7953318380598557,0.1695528879439831
8,34.44512414932251,13.398353092608184,3.0549465219141863,0.4473174041330115,7.045767784118652,13.189436968724396,3.0782259029179846,0.46227375610472743,179.75497913360596,12.34378156099699,2.859714927435565,0.47207901171602007
8,45.07045817375183,5.3688785699385,1.8679478873387145,0.17702038513603613,6.632745027542114,8.248574534136948,2.43534969255136,0.24151805364649317,105.21354699134827,14.045889305445556,3.2900216209017272,0.311301455415227
9,48.638922691345215,10.359890778888742,2.664088463042548,0.18898655200150735,13.011038064956665,8.652873694228278,2.3673670639524995,0.16526585642655706,190.75057077407837,9.983615064894293,2.5422951432503673,0.15808109147561095
9,21.609577894210815,4.805354521416791,1.8136090355599026,0.1571584967767255,10.921428918838501,7.324308570945574,2.1210569753891755,0.20280596185952493,219.0267629623413,18.680553316750803,3.431715537494411,0.3217280374728002
9,34.1398708820343,21.116689883664197,3.93636454854523,0.24374703266006914,12.928859949111938,17.27018586740106,3.4882480312912247,0.21589532752492704,156.38908505439758,22.35999059653204,3.7040901764703418,0.1960427581780917
9,34.49674201011658,20.545268210285,3.880678401690586,0.2304637263459283,9.9310781955719,18.68864339202709,3.389483122161884,0.19451566263327866,154.44331312179565,19.41270826874134,3.5767031644432183,0.21409329757161524
9,31.008858919143677,8.193720339475476,2.4553047785302,0.1441395139591174,13.192039012908936,6.712233226756617,1.938400541111871,0.10684829926730631,211.3111550807953,7.265630984407021,1.9399564357978,0.10578697508365567
9,29.091143131256104,10.905641535061825,2.7252919261353585,0.232475898994282,13.735865116119385,19.825961146754956,4.036969206381577,0.34939242074989085,233.50822186470032,21.78836254804189,4.136229181677156,0.34216950292783543
9,23.228283166885376,5.206776667227625,1.8372080141684621,0.17533679978366631,19.646195888519287,13.260365626694753,3.002703022748793,0.3007096615940357,375.21861481666565,10.67259125101792,2.6520472437888825,0.25841478583930927
9,31.154072046279907,26.734524576560734,3.770216291986964,0.1640359132070659,12.14775800704956,20.039898498154546,3.145567295012816,0.13714488242477024,182.96355414390564,17.643301566571115,3.0559398654158323,0.13752163553208924
9,29.233943939208984,22.981332984469038,3.7368758172585625,0.24496461520067037,11.270486116409302,27.345831196148787,3.3512646844027367,0.1816997963401549,272.799702167511,29.02688162763813,3.7552048326391323,0.21410671340547527
9,39.551066875457764,11.74873320091555,2.6640206951285057,0.18256578917803415,11.625736236572266,11.832430336131104,2.420505284071504,0.16037285708138826,162.1800057888031,15.912063057244366,2.9477833241773106,0.20011987882379448
9,39.72710084915161,16.548796733829352,3.0820942737817156,0.20949547937305052,6.747714042663574,21.03872089342776,2.9664270541351896,0.18296209617358658,169.78524684906006,18.745028296598683,3.1628158966141564,0.2094203475366595
9,34.95725393295288,12.49580246823173,3.01324220077335,0.21216855680129457,14.24513292312622,11.496595891895133,2.8256965211868583,0.19017354268194267,207.9208161830902,12.304334101810625,2.79978869106189,0.17062089012357703
9,42.19857716560364,4.1542269796495255,1.6384581938607599,0.14888522118267047,11.216921091079712,8.39479335282708,2.3363037696011677,0.22622435234048874,200.8822681903839,7.742985633962778,2.341425585250694,0.21315122605826364
9,47.51339387893677,5.043409568266336,1.7067569866322898,0.1069363249993392,17.708597898483276,7.747465646745176,2.198930921156123,0.1429465938432871,310.4170892238617,8.709910661863857,2.347762046023645,0.15788265889178776
9,20.682412147521973,11.46293644201856,2.86811688078466,0.34998999980598144,4.811109304428101,7.657342116592852,2.1614214578649795,0.23355631993694578,115.33892822265625,7.852547393798891,2.306869051379913,0.25925864254288267
9,22.05205225944519,9.126409134464675,2.4344725976177983,0.21647845534036053,12.68121600151062,8.745575130376318,2.3806488216632227,0.20906111971312671,293.97453689575195,7.70529158528593,2.2287156389934775,0.21179150244520076
9,33.73298978805542,4.485763675558509,1.736645265272013,0.142755967548554,10.933078050613403,10.846603643491932,2.7793289676765998,0.23923730837134366,191.701642036438,10.093466991624279,2.78563582333696,0.22304699207492154
9,30.221624851226807,6.592637445254037,2.246831250866969,0.13841185628742214,9.85735011100769,6.680502332203234,2.1405450121389458,0.13403299661106885,167.50892972946167,13.711988674112916,2.6737997108745324,0.14731075440722335
9,46.54963207244873,23.5369787277613,4.172333878248786,0.25602605236024395,16.00472593307495,16.989122310028176,3.520174735962129,0.22049088431056144,171.28880095481873,22.267038680592236,3.7738690796101793,0.2025526600223454
9,39.4785099029541,18.83350695547348,3.631825210340269,0.25968617862312526,15.094819068908691,20.822051143345913,3.5751687434850155,0.2172240652388701,174.59680819511414,21.02113223688371,3.537881738290543,0.21624749578542934
10,34.82988905906677,18.96966839942506,3.5305649545481588,0.20184053276509561,16.51569414138794,15.946896127676263,3.1175176136182907,0.16772388526841284,228.4843909740448,23.164044385668827,3.9015586010508385,0.21290371726874877
10,21.396044969558716,10.21561277983238,2.5375136185547844,0.34688710837723635,13.364497184753418,10.22050327022154,2.661057138178611,0.3066336892195758,338.86755108833313,8.615796580957888,2.3677822480722,0.28270095361545433
10,36.87740612030029,7.385593298192013,2.0227859381015683,0.1544167399445345,17.020235061645508,8.160610082997712,2.166927770434027,0.1661024058498746,224.44066905975342,9.907448254311731,2.427639799409236,0.19295268410787778
10,34.3532497882843,21.612729514154037,3.84137582796359,0.22683889601282456,20.431998014450073,15.27555445313204,3.0761526151611696,0.18520696510234658,249.95255494117737,15.470555786966262,3.1439777801328264,0.18682364236774762
10,30.362879991531372,6.317903481317468,1.9979248760987787,0.1302579344855464,21.306833028793335,7.751924826466879,2.096030802358895,0.1313116270669163,311.97177386283875,9.008863032920551,2.3045594505809572,0.15039085862030138
10,26.366718769073486,17.031067981464084,3.486795900876752,0.22117675750828591,16.577945947647095,12.747338922370758,2.7763139178467817,0.15873913357128105,225.9506800174713,14.1594782367555,3.0612159057896657,0.17963432973392884
10,36.851927757263184,6.692778027134571,2.0339162626238236,0.14392521502511796,13.001197814941406,14.138123229300286,3.0364246121593275,0.21955059353175388,266.8392598628998,14.450605844825557,2.9443833565477773,0.2019690935795983
10,30.760416746139526,12.984829223157115,3.0277863560393308,0.17109017100298674,16.267821073532104,15.804156692261738,2.880179351781133,0.14518804835913146,271.40423011779785,13.949208771187788,2.774825105518219,0.14028801699601082
10,40.64695405960083,7.591221234027046,2.3382070598176674,0.19273456003026732,16.681101083755493,23.827528183805764,4.371964047686751,0.36901951165327124,341.5855522155762,28.625834080634654,4.796769343986631,0.40239521176976617
10,28.959101915359497,7.378418604505505,2.339184601452114,0.14379425704453788,19.159295082092285,6.803753714570876,2.0654263521556873,0.1200343679853693,317.7895951271057,14.134331293133295,2.8973720178665188,0.16114093213623357
10,30.41878914833069,7.548753714834549,2.1923547881596326,0.1593046580809368,36.5526819229126,10.178567848142377,2.4433896828916075,0.1755348635742008,494.331090927124,12.078379665098984,2.7126842584870374,0.2009225628953471
10,42.9162118434906,7.945424150131255,2.0436267657050546,0.15580158922855683,15.923664093017578,21.72975697917781,3.7689174121838263,0.3114269287841237,285.89709305763245,29.57582576878004,4.74554262895426,0.39134619938013987
10,32.28631806373596,3.959321254871303,1.6093078006506865,0.1552002522256941,17.130022048950195,5.693566118804664,1.956211262206012,0.1902642046910002,347.09680008888245,17.64592873271871,3.612361110022495,0.3697447174776133
10,48.491987228393555,10.473502202081773,2.531164206247507,0.3984599778425915,13.292931079864502,17.42913075564692,3.6518562350251402,0.5892420048982766,290.0378928184509,21.796074394328002,4.113114580605235,0.6317800708144741
10,28.453334093093872,5.378264160607471,1.802285995387735,0.11984559429232203,45.6607129573822,5.463312734388271,1.7996786390271224,0.12026311736122366,736.1231260299683,8.118822849539006,2.321629276934521,0.16099552497928243
10,43.707456827163696,12.275620706518493,2.822578395961715,0.2565188616649628,40.386435985565186,20.897346527484984,3.918641293149456,0.3277107509589214,445.94460272789,21.432347388280334,3.821809201310282,0.33938517694948905
10,46.282745122909546,6.581608525059515,2.092663909752563,0.15000796611630268,17.0744149684906,14.141409080383502,2.9331976569107936,0.20887236152026648,322.26707005500793,21.0061542010167,3.79290037613375,0.26075399306541885
10,35.73394012451172,20.038605948106653,3.319839241557807,0.15878974859869482,23.85692310333252,16.567031739269527,2.983238394446892,0.13693474791890564,296.80936312675476,23.947789612103996,3.8092229325038316,0.17690992350677498
10,36.59868788719177,4.728971504956446,1.7443077428981943,0.1741530652090964,16.48176908493042,7.692523734514121,2.3195622079717673,0.26263742853084604,336.56867814064026,8.105853973890028,2.3883288088421213,0.2536880175126773
10,51.93679618835449,9.349376508850657,2.515543831737687,0.1864192848094385,17.44109010696411,12.746302654681582,2.7888361977446143,0.1819650223939834,331.23170804977417,12.661161357345042,2.988841591120857,0.19774252181503207
